timestamp,location,sensor,value
2023-12-31T19:14:00.000Z,zone-b,humidity,70.9
2023-12-31T23:20:00.000Z,zone-a,humidity,69.7
2024-01-01T03:27:00.000Z,zone-b,pressure,993.5
2024-01-01T04:30:00.000Z,zone-a,light,312
2024-01-01T05:24:00.000Z,zone-d,temperature,30.8
2024-01-01T05:56:00.000Z,zone-c,light,249.4
2024-01-01T06:15:00.000Z,zone-d,humidity,56
2024-01-01T07:01:00.000Z,zone-c,pressure,1019.2
2024-01-01T08:36:00.000Z,zone-d,pressure,994.8
2024-01-01T09:04:00.000Z,zone-d,light,364.1
2024-01-01T09:06:00.000Z,zone-c,humidity,77.4
2024-01-01T09:48:00.000Z,zone-a,pressure,1017.8
2024-01-01T13:43:00.000Z,zone-a,temperature,25.8
2024-01-01T16:56:00.000Z,zone-b,light,826.4
2024-01-01T17:48:00.000Z,zone-c,temperature,27.2
2024-01-01T17:58:00.000Z,zone-b,temperature,21.6
2024-01-01T20:31:00.000Z,zone-a,light,499.3
2024-01-01T20:52:00.000Z,zone-c,humidity,48.4
2024-01-01T21:52:00.000Z,zone-b,temperature,26.2
2024-01-01T23:00:00.000Z,zone-d,pressure,1014.6
2024-01-02T00:53:00.000Z,zone-d,temperature,32.3
2024-01-02T01:39:00.000Z,zone-b,pressure,991.8
2024-01-02T02:03:00.000Z,zone-b,light,828.7
2024-01-02T03:54:00.000Z,zone-a,humidity,72.5
2024-01-02T05:00:00.000Z,zone-c,pressure,1008.2
2024-01-02T05:08:00.000Z,zone-c,light,780.9
2024-01-02T07:41:00.000Z,zone-b,humidity,73.5
2024-01-02T09:34:00.000Z,zone-d,light,436.2
2024-01-02T13:55:00.000Z,zone-c,temperature,33.2
2024-01-02T14:12:00.000Z,zone-a,temperature,17.2
2024-01-02T14:25:00.000Z,zone-d,humidity,40.1
2024-01-02T17:38:00.000Z,zone-a,pressure,1003.1
2024-01-02T20:41:00.000Z,zone-d,light,787
2024-01-02T23:50:00.000Z,zone-a,temperature,26.4
2024-01-03T00:16:00.000Z,zone-d,temperature,25.1
2024-01-03T01:26:00.000Z,zone-a,light,350.6
2024-01-03T02:11:00.000Z,zone-c,pressure,998.7
2024-01-03T02:20:00.000Z,zone-b,temperature,23.4
2024-01-03T02:39:00.000Z,zone-b,pressure,1007
2024-01-03T06:27:00.000Z,zone-b,light,642.1
2024-01-03T06:59:00.000Z,zone-d,pressure,1012.7
2024-01-03T07:29:00.000Z,zone-d,humidity,72.4
2024-01-03T07:52:00.000Z,zone-a,humidity,68.7
2024-01-03T10:11:00.000Z,zone-c,temperature,30.9
2024-01-03T11:56:00.000Z,zone-b,humidity,55.6
2024-01-03T12:18:00.000Z,zone-c,light,231.7
2024-01-03T12:52:00.000Z,zone-a,pressure,1015.8
2024-01-03T18:10:00.000Z,zone-c,humidity,71.4
2024-01-03T20:16:00.000Z,zone-d,pressure,1017.9
2024-01-03T20:53:00.000Z,zone-a,light,123.1
2024-01-03T21:32:00.000Z,zone-d,temperature,34.7
2024-01-03T23:38:00.000Z,zone-d,humidity,65.8
2024-01-03T23:58:00.000Z,zone-b,humidity,46.6
2024-01-04T02:30:00.000Z,zone-c,pressure,1007.8
2024-01-04T03:09:00.000Z,zone-a,temperature,27.7
2024-01-04T03:26:00.000Z,zone-c,light,470.2
2024-01-04T07:12:00.000Z,zone-b,pressure,1009.1
2024-01-04T08:07:00.000Z,zone-b,light,435.2
2024-01-04T12:26:00.000Z,zone-a,humidity,39.1
2024-01-04T13:50:00.000Z,zone-b,temperature,31.9
2024-01-04T14:24:00.000Z,zone-c,temperature,32.4
2024-01-04T14:30:00.000Z,zone-d,light,601.7
2024-01-04T14:57:00.000Z,zone-c,humidity,73.1
2024-01-04T18:10:00.000Z,zone-a,pressure,1016.1
2024-01-04T20:28:00.000Z,zone-b,light,132.3
2024-01-04T21:16:00.000Z,zone-b,pressure,1011.2
2024-01-04T22:28:00.000Z,zone-c,pressure,1018.3
2024-01-04T22:44:00.000Z,zone-d,light,160.5
2024-01-05T00:04:00.000Z,zone-a,temperature,21.1
2024-01-05T00:27:00.000Z,zone-c,light,426.9
2024-01-05T00:48:00.000Z,zone-a,light,696.5
2024-01-05T05:13:00.000Z,zone-c,humidity,53.2
2024-01-05T07:25:00.000Z,zone-d,humidity,34
2024-01-05T11:19:00.000Z,zone-a,humidity,69.7
2024-01-05T11:32:00.000Z,zone-d,temperature,16.6
2024-01-05T11:53:00.000Z,zone-d,pressure,1018.4
2024-01-05T12:48:00.000Z,zone-b,humidity,34.5
2024-01-05T14:32:00.000Z,zone-b,temperature,26.5
2024-01-05T15:00:00.000Z,zone-a,pressure,1009.8
2024-01-05T16:01:00.000Z,zone-c,temperature,29.1
2024-01-05T19:39:00.000Z,zone-b,light,255
2024-01-05T21:20:00.000Z,zone-d,humidity,36.7
2024-01-05T21:35:00.000Z,zone-b,pressure,1010.8
2024-01-05T21:48:00.000Z,zone-b,humidity,70.1
2024-01-05T22:13:00.000Z,zone-d,light,327.2
2024-01-05T23:22:00.000Z,zone-d,pressure,1001.7
2024-01-06T00:13:00.000Z,zone-c,temperature,25.3
2024-01-06T01:03:00.000Z,zone-c,humidity,73.9
2024-01-06T06:30:00.000Z,zone-a,pressure,1006.5
2024-01-06T07:02:00.000Z,zone-b,temperature,16.6
2024-01-06T09:13:00.000Z,zone-c,pressure,1012.2
2024-01-06T11:09:00.000Z,zone-c,light,822.4
2024-01-06T15:38:00.000Z,zone-a,light,721.5
2024-01-06T15:40:00.000Z,zone-a,temperature,20.5
2024-01-06T16:45:00.000Z,zone-d,temperature,15.2
2024-01-06T16:48:00.000Z,zone-a,humidity,57.4
2024-01-06T19:41:00.000Z,zone-a,temperature,32.9
2024-01-06T20:09:00.000Z,zone-c,temperature,25.5
2024-01-06T21:58:00.000Z,zone-a,humidity,33.7
2024-01-06T22:15:00.000Z,zone-c,light,591.2
2024-01-06T22:24:00.000Z,zone-d,pressure,1006.6
2024-01-07T00:50:00.000Z,zone-d,temperature,32.2
2024-01-07T01:06:00.000Z,zone-b,temperature,18.8
2024-01-07T02:05:00.000Z,zone-b,pressure,997.1
2024-01-07T05:17:00.000Z,zone-a,light,853.1
2024-01-07T08:31:00.000Z,zone-b,light,591.6
2024-01-07T09:04:00.000Z,zone-a,pressure,1002.9
2024-01-07T09:28:00.000Z,zone-d,light,252.4
2024-01-07T10:28:00.000Z,zone-b,humidity,79.9
2024-01-07T10:33:00.000Z,zone-c,humidity,44.4
2024-01-07T15:22:00.000Z,zone-c,pressure,1006.6
2024-01-07T16:39:00.000Z,zone-d,humidity,47.8
2024-01-07T18:34:00.000Z,zone-d,light,643.4
2024-01-07T18:35:00.000Z,zone-b,pressure,992.5
2024-01-07T22:30:00.000Z,zone-d,temperature,25.5
2024-01-07T22:53:00.000Z,zone-c,light,343.7
2024-01-08T00:21:00.000Z,zone-a,pressure,1016.7
2024-01-08T00:49:00.000Z,zone-c,temperature,30.2
2024-01-08T03:07:00.000Z,zone-b,temperature,34.2
2024-01-08T04:31:00.000Z,zone-c,humidity,31.6
2024-01-08T04:32:00.000Z,zone-b,humidity,77.8
2024-01-08T07:00:00.000Z,zone-a,humidity,74.3
2024-01-08T08:17:00.000Z,zone-b,light,569.4
2024-01-08T08:42:00.000Z,zone-d,humidity,63.9
2024-01-08T10:08:00.000Z,zone-a,temperature,17
2024-01-08T11:08:00.000Z,zone-a,light,574.2
2024-01-08T15:31:00.000Z,zone-d,pressure,1017.2
2024-01-08T17:50:00.000Z,zone-c,pressure,1004.3
2024-01-08T19:28:00.000Z,zone-a,humidity,51.9
2024-01-08T22:19:00.000Z,zone-a,light,154.1
2024-01-09T00:16:00.000Z,zone-a,temperature,32.9
2024-01-09T00:46:00.000Z,zone-c,temperature,29.5
2024-01-09T00:57:00.000Z,zone-c,humidity,71.2
2024-01-09T06:46:00.000Z,zone-d,light,812
2024-01-09T06:49:00.000Z,zone-b,light,232.6
2024-01-09T09:39:00.000Z,zone-a,pressure,1015.3
2024-01-09T10:48:00.000Z,zone-b,temperature,23.8
2024-01-09T13:28:00.000Z,zone-c,pressure,1002.3
2024-01-09T13:36:00.000Z,zone-b,humidity,55
2024-01-09T14:05:00.000Z,zone-c,light,355.3
2024-01-09T15:16:00.000Z,zone-d,temperature,16.4
2024-01-09T15:23:00.000Z,zone-d,humidity,42.6
2024-01-09T16:21:00.000Z,zone-d,pressure,994.5
2024-01-09T16:23:00.000Z,zone-b,pressure,1010
2024-01-09T22:46:00.000Z,zone-a,humidity,75.6
2024-01-09T23:22:00.000Z,zone-d,light,407.3
2024-01-10T01:04:00.000Z,zone-c,temperature,23.4
2024-01-10T01:55:00.000Z,zone-c,pressure,1018.8
2024-01-10T02:15:00.000Z,zone-b,humidity,45.8
2024-01-10T05:03:00.000Z,zone-d,humidity,73.3
2024-01-10T05:35:00.000Z,zone-a,pressure,997.8
2024-01-10T05:53:00.000Z,zone-b,pressure,993.7
2024-01-10T06:17:00.000Z,zone-a,temperature,29.2
2024-01-10T07:12:00.000Z,zone-c,light,181.3
2024-01-10T07:15:00.000Z,zone-b,light,393.9
2024-01-10T07:18:00.000Z,zone-c,humidity,79.7
2024-01-10T09:02:00.000Z,zone-d,pressure,1003.5
2024-01-10T10:47:00.000Z,zone-d,temperature,34.4
2024-01-10T12:28:00.000Z,zone-a,light,793.6
2024-01-10T14:26:00.000Z,zone-b,temperature,20.8
2024-01-10T19:15:00.000Z,zone-c,light,539.3
2024-01-10T20:36:00.000Z,zone-c,pressure,996.3
2024-01-10T21:47:00.000Z,zone-a,pressure,1003.8
2024-01-10T22:18:00.000Z,zone-d,light,346.5
2024-01-10T23:46:00.000Z,zone-d,temperature,20.7
2024-01-11T01:20:00.000Z,zone-d,pressure,1000
2024-01-11T03:37:00.000Z,zone-c,temperature,26.1
2024-01-11T04:14:00.000Z,zone-c,humidity,64.5
2024-01-11T06:34:00.000Z,zone-b,humidity,62
2024-01-11T07:50:00.000Z,zone-a,light,433.2
2024-01-11T08:23:00.000Z,zone-b,light,503.7
2024-01-11T09:48:00.000Z,zone-a,humidity,37.4
2024-01-11T11:57:00.000Z,zone-a,temperature,32.3
2024-01-11T13:07:00.000Z,zone-d,humidity,40.4
2024-01-11T15:58:00.000Z,zone-b,pressure,998.2
2024-01-11T17:00:00.000Z,zone-b,temperature,26
2024-01-11T20:07:00.000Z,zone-d,temperature,31.8
2024-01-11T20:10:00.000Z,zone-d,pressure,996.7
2024-01-11T20:12:00.000Z,zone-b,pressure,994.9
2024-01-11T22:29:00.000Z,zone-b,humidity,65.7
2024-01-11T23:45:00.000Z,zone-a,temperature,17.4
2024-01-12T01:34:00.000Z,zone-d,humidity,55
2024-01-12T05:01:00.000Z,zone-d,light,221.6
2024-01-12T09:55:00.000Z,zone-c,temperature,31.3
2024-01-12T09:58:00.000Z,zone-c,humidity,63.1
2024-01-12T10:05:00.000Z,zone-b,light,453.4
2024-01-12T10:54:00.000Z,zone-c,pressure,1003.1
2024-01-12T13:39:00.000Z,zone-b,temperature,25.7
2024-01-12T14:02:00.000Z,zone-a,light,260.4
2024-01-12T14:35:00.000Z,zone-a,humidity,64.8
2024-01-12T16:26:00.000Z,zone-c,light,403.5
2024-01-12T17:24:00.000Z,zone-a,pressure,1016.3
2024-01-12T19:11:00.000Z,zone-d,temperature,24.6
2024-01-12T19:47:00.000Z,zone-b,humidity,40.5
2024-01-12T21:35:00.000Z,zone-b,temperature,15.7
2024-01-12T22:51:00.000Z,zone-b,pressure,1001.7
2024-01-13T01:47:00.000Z,zone-a,humidity,58.6
2024-01-13T02:37:00.000Z,zone-d,pressure,1011.8
2024-01-13T02:57:00.000Z,zone-c,pressure,1014.5
2024-01-13T03:22:00.000Z,zone-d,light,720.1
2024-01-13T04:41:00.000Z,zone-c,temperature,23.6
2024-01-13T08:25:00.000Z,zone-a,pressure,1008.6
2024-01-13T08:49:00.000Z,zone-b,light,695.4
2024-01-13T12:50:00.000Z,zone-a,light,777.8
2024-01-13T15:16:00.000Z,zone-c,light,495.2
2024-01-13T15:49:00.000Z,zone-c,humidity,72.9
2024-01-13T16:10:00.000Z,zone-a,temperature,30.8
2024-01-13T17:24:00.000Z,zone-d,humidity,47
2024-01-13T18:58:00.000Z,zone-b,light,652.1
2024-01-13T19:48:00.000Z,zone-d,light,465.6
2024-01-13T20:57:00.000Z,zone-a,light,418.1
2024-01-13T21:11:00.000Z,zone-d,pressure,1013.8
2024-01-13T21:39:00.000Z,zone-a,humidity,37.7
2024-01-13T22:46:00.000Z,zone-c,temperature,28.7
2024-01-13T22:51:00.000Z,zone-c,humidity,69.4
2024-01-14T04:02:00.000Z,zone-c,light,795.6
2024-01-14T04:36:00.000Z,zone-c,pressure,1014.1
2024-01-14T05:40:00.000Z,zone-b,humidity,60.2
2024-01-14T09:09:00.000Z,zone-b,pressure,997.7
2024-01-14T09:20:00.000Z,zone-a,temperature,25.1
2024-01-14T09:46:00.000Z,zone-d,temperature,19.1
2024-01-14T12:35:00.000Z,zone-b,temperature,25.7
2024-01-14T13:06:00.000Z,zone-d,humidity,60.4
2024-01-14T17:37:00.000Z,zone-a,pressure,1003.2
2024-01-14T19:02:00.000Z,zone-c,light,477.6
2024-01-14T19:08:00.000Z,zone-b,humidity,46.7
2024-01-14T20:37:00.000Z,zone-d,pressure,990.1
2024-01-14T20:45:00.000Z,zone-c,humidity,71.3
2024-01-14T20:47:00.000Z,zone-b,light,802.5
2024-01-14T22:01:00.000Z,zone-d,humidity,47.6
2024-01-14T23:40:00.000Z,zone-a,humidity,79.5
2024-01-15T00:34:00.000Z,zone-a,light,130.8
2024-01-15T02:25:00.000Z,zone-a,pressure,1002.4
2024-01-15T06:48:00.000Z,zone-d,temperature,24.5
2024-01-15T15:14:00.000Z,zone-c,pressure,998
2024-01-15T16:41:00.000Z,zone-d,light,175
2024-01-15T17:07:00.000Z,zone-b,pressure,1005.9
2024-01-15T17:30:00.000Z,zone-b,temperature,25
2024-01-15T17:34:00.000Z,zone-a,temperature,22.9
2024-01-15T17:59:00.000Z,zone-c,temperature,31.1
2024-01-15T20:08:00.000Z,zone-a,pressure,1004.3
2024-01-16T01:29:00.000Z,zone-b,pressure,1002.8
2024-01-16T01:41:00.000Z,zone-a,temperature,25.6
2024-01-16T02:38:00.000Z,zone-d,pressure,1002.7
2024-01-16T03:47:00.000Z,zone-a,humidity,64.5
2024-01-16T05:48:00.000Z,zone-b,humidity,31.4
2024-01-16T06:23:00.000Z,zone-d,light,693.4
2024-01-16T06:27:00.000Z,zone-c,light,358.2
2024-01-16T08:03:00.000Z,zone-c,humidity,30.2
2024-01-16T10:37:00.000Z,zone-a,light,288.3
2024-01-16T10:38:00.000Z,zone-d,humidity,60.9
2024-01-16T11:25:00.000Z,zone-d,temperature,25
2024-01-16T11:26:00.000Z,zone-c,pressure,995.4
2024-01-16T14:56:00.000Z,zone-c,temperature,30.9
2024-01-16T16:20:00.000Z,zone-b,light,877.2
2024-01-16T16:25:00.000Z,zone-b,temperature,31.9
2024-01-16T18:31:00.000Z,zone-c,temperature,18.3
2024-01-16T19:05:00.000Z,zone-b,humidity,62.3
2024-01-16T22:02:00.000Z,zone-b,temperature,16
2024-01-16T23:43:00.000Z,zone-b,pressure,1002.4
2024-01-17T01:10:00.000Z,zone-a,light,827
2024-01-17T03:56:00.000Z,zone-c,humidity,32.9
2024-01-17T04:29:00.000Z,zone-c,light,185.3
2024-01-17T05:35:00.000Z,zone-d,humidity,59.2
2024-01-17T06:01:00.000Z,zone-d,light,420.9
2024-01-17T06:06:00.000Z,zone-c,pressure,1004.6
2024-01-17T09:12:00.000Z,zone-d,pressure,1014.3
2024-01-17T09:17:00.000Z,zone-a,pressure,1018
2024-01-17T09:53:00.000Z,zone-d,temperature,23.4
2024-01-17T12:02:00.000Z,zone-a,humidity,76.2
2024-01-17T12:33:00.000Z,zone-b,light,176.7
2024-01-17T14:31:00.000Z,zone-a,temperature,16.3
2024-01-17T19:27:00.000Z,zone-a,humidity,68.9
2024-01-17T19:30:00.000Z,zone-d,temperature,34.5
2024-01-17T19:46:00.000Z,zone-a,temperature,16.5
2024-01-17T21:12:00.000Z,zone-c,light,242.2
2024-01-17T21:54:00.000Z,zone-a,light,833.4
2024-01-18T00:39:00.000Z,zone-d,humidity,68.9
2024-01-18T03:26:00.000Z,zone-c,pressure,1012.8
2024-01-18T05:36:00.000Z,zone-b,light,769.7
2024-01-18T05:39:00.000Z,zone-b,humidity,40.2
2024-01-18T10:38:00.000Z,zone-b,temperature,19.3
2024-01-18T10:45:00.000Z,zone-c,temperature,20.5
2024-01-18T10:57:00.000Z,zone-d,pressure,990.3
2024-01-18T11:36:00.000Z,zone-a,pressure,1013.7
2024-01-18T12:52:00.000Z,zone-b,pressure,1008.4
2024-01-18T13:37:00.000Z,zone-d,light,837.9
2024-01-18T17:28:00.000Z,zone-c,humidity,73
2024-01-18T18:39:00.000Z,zone-b,temperature,15.1
2024-01-18T19:15:00.000Z,zone-c,light,176.5
2024-01-18T22:22:00.000Z,zone-c,temperature,32.3
2024-01-18T22:33:00.000Z,zone-a,pressure,1016.6
2024-01-19T02:17:00.000Z,zone-b,pressure,1011
2024-01-19T06:48:00.000Z,zone-a,temperature,24.8
2024-01-19T07:12:00.000Z,zone-b,humidity,74.1
2024-01-19T08:20:00.000Z,zone-c,pressure,1015.1
2024-01-19T11:00:00.000Z,zone-d,temperature,23.9
2024-01-19T11:42:00.000Z,zone-d,light,747.9
2024-01-19T14:22:00.000Z,zone-c,humidity,72.1
2024-01-19T14:59:00.000Z,zone-a,light,337.5
2024-01-19T17:10:00.000Z,zone-d,humidity,76.8
2024-01-19T17:13:00.000Z,zone-a,humidity,64
2024-01-19T17:42:00.000Z,zone-d,pressure,993.3
2024-01-19T17:44:00.000Z,zone-b,light,352.7
2024-01-19T19:42:00.000Z,zone-d,humidity,41.8
2024-01-19T21:51:00.000Z,zone-c,humidity,37
2024-01-19T22:24:00.000Z,zone-c,pressure,1004.9
2024-01-20T00:52:00.000Z,zone-d,light,395.3
2024-01-20T03:06:00.000Z,zone-b,pressure,1009.7
2024-01-20T04:08:00.000Z,zone-c,light,295.2
2024-01-20T06:25:00.000Z,zone-a,temperature,23.8
2024-01-20T11:14:00.000Z,zone-b,light,435.3
2024-01-20T11:35:00.000Z,zone-c,temperature,19.1
2024-01-20T13:26:00.000Z,zone-d,temperature,22.6
2024-01-20T14:01:00.000Z,zone-a,pressure,991.2
2024-01-20T14:12:00.000Z,zone-d,pressure,1002.8
2024-01-20T14:28:00.000Z,zone-b,temperature,28.8
2024-01-20T14:46:00.000Z,zone-a,humidity,39.9
2024-01-20T17:04:00.000Z,zone-b,humidity,61.6
2024-01-20T18:05:00.000Z,zone-a,light,346.7
2024-01-20T18:46:00.000Z,zone-c,light,247.6
2024-01-20T20:02:00.000Z,zone-b,light,749.9
2024-01-20T20:39:00.000Z,zone-a,humidity,33.7
2024-01-20T21:27:00.000Z,zone-b,pressure,997.5
2024-01-20T21:49:00.000Z,zone-d,humidity,64.9
2024-01-20T22:55:00.000Z,zone-a,light,516.7
2024-01-21T01:11:00.000Z,zone-b,humidity,66.4
2024-01-21T02:05:00.000Z,zone-c,humidity,63.4
2024-01-21T02:06:00.000Z,zone-c,temperature,32.5
2024-01-21T07:06:00.000Z,zone-d,light,277.6
2024-01-21T07:36:00.000Z,zone-d,pressure,1010.7
2024-01-21T08:17:00.000Z,zone-c,pressure,999.3
2024-01-21T08:37:00.000Z,zone-a,pressure,993.8
2024-01-21T17:41:00.000Z,zone-b,temperature,30.7
2024-01-21T17:57:00.000Z,zone-a,temperature,17.7
2024-01-21T18:09:00.000Z,zone-d,temperature,23.8
2024-01-21T19:21:00.000Z,zone-c,humidity,33
2024-01-21T20:22:00.000Z,zone-b,humidity,69.7
2024-01-21T23:20:00.000Z,zone-d,temperature,17.2
2024-01-21T23:58:00.000Z,zone-a,humidity,45.9
2024-01-22T00:00:00.000Z,zone-b,pressure,997.2
2024-01-22T00:54:00.000Z,zone-a,temperature,32.5
2024-01-22T03:17:00.000Z,zone-a,pressure,1010.1
2024-01-22T04:59:00.000Z,zone-a,light,157.1
2024-01-22T06:34:00.000Z,zone-d,humidity,72.8
2024-01-22T07:17:00.000Z,zone-c,temperature,29.4
2024-01-22T07:54:00.000Z,zone-b,temperature,18
2024-01-22T08:32:00.000Z,zone-b,light,359.4
2024-01-22T10:13:00.000Z,zone-c,pressure,1009.2
2024-01-22T14:01:00.000Z,zone-c,light,416.5
2024-01-22T14:53:00.000Z,zone-d,pressure,1012.8
2024-01-22T14:57:00.000Z,zone-d,light,144
2024-01-22T19:03:00.000Z,zone-d,humidity,35
2024-01-22T19:11:00.000Z,zone-d,temperature,22.9
2024-01-22T19:29:00.000Z,zone-c,humidity,74.7
2024-01-22T19:49:00.000Z,zone-b,light,207.2
2024-01-22T21:51:00.000Z,zone-a,light,835.7
2024-01-23T01:50:00.000Z,zone-d,pressure,1004.7
2024-01-23T02:52:00.000Z,zone-a,pressure,1000.4
2024-01-23T04:58:00.000Z,zone-b,temperature,34.3
2024-01-23T07:17:00.000Z,zone-a,humidity,56.1
2024-01-23T09:24:00.000Z,zone-c,pressure,1005.5
2024-01-23T09:44:00.000Z,zone-c,temperature,19.3
2024-01-23T10:07:00.000Z,zone-b,pressure,1007.7
2024-01-23T14:33:00.000Z,zone-b,humidity,56.5
2024-01-23T14:58:00.000Z,zone-a,temperature,22.6
2024-01-23T15:50:00.000Z,zone-c,light,124.7
2024-01-23T16:19:00.000Z,zone-d,light,705.6
2024-01-23T18:31:00.000Z,zone-b,pressure,1017.4
2024-01-23T19:04:00.000Z,zone-c,humidity,76.2
2024-01-23T19:27:00.000Z,zone-a,light,824.5
2024-01-23T19:47:00.000Z,zone-a,pressure,1017
2024-01-23T20:36:00.000Z,zone-d,pressure,1015.5
2024-01-23T21:45:00.000Z,zone-d,light,413.5
2024-01-24T00:05:00.000Z,zone-c,temperature,29.6
2024-01-24T00:17:00.000Z,zone-d,temperature,19.5
2024-01-24T04:02:00.000Z,zone-c,light,114
2024-01-24T04:53:00.000Z,zone-a,temperature,33.8
2024-01-24T05:25:00.000Z,zone-b,temperature,19
2024-01-24T05:32:00.000Z,zone-b,light,304.3
2024-01-24T11:33:00.000Z,zone-a,humidity,59.1
2024-01-24T12:29:00.000Z,zone-d,humidity,76.7
2024-01-24T15:03:00.000Z,zone-b,humidity,45.5
2024-01-24T17:04:00.000Z,zone-c,pressure,1019.1
2024-01-24T18:47:00.000Z,zone-c,humidity,48.3
2024-01-24T19:56:00.000Z,zone-b,light,566.7
2024-01-25T00:17:00.000Z,zone-c,temperature,16.9
2024-01-25T01:31:00.000Z,zone-d,temperature,34.1
2024-01-25T01:35:00.000Z,zone-a,light,725.8
2024-01-25T03:34:00.000Z,zone-c,pressure,1014.5
2024-01-25T05:36:00.000Z,zone-c,light,240.6
2024-01-25T05:41:00.000Z,zone-a,humidity,46.1
2024-01-25T07:27:00.000Z,zone-a,pressure,1019.2
2024-01-25T07:57:00.000Z,zone-b,temperature,17.8
2024-01-25T10:48:00.000Z,zone-b,pressure,995.1
2024-01-25T13:46:00.000Z,zone-d,pressure,1005.3
2024-01-25T14:33:00.000Z,zone-d,light,638.1
2024-01-25T15:53:00.000Z,zone-d,humidity,31.5
2024-01-25T16:55:00.000Z,zone-a,temperature,19.8
2024-01-25T17:47:00.000Z,zone-b,humidity,58
2024-01-25T19:01:00.000Z,zone-c,light,215.5
2024-01-25T19:32:00.000Z,zone-b,pressure,1009
2024-01-25T19:50:00.000Z,zone-c,pressure,1008.8
2024-01-25T22:29:00.000Z,zone-a,pressure,997.5
2024-01-25T23:07:00.000Z,zone-d,pressure,1016.4
2024-01-25T23:28:00.000Z,zone-a,temperature,28.1
2024-01-26T03:00:00.000Z,zone-b,temperature,21.5
2024-01-26T04:41:00.000Z,zone-b,humidity,63.6
2024-01-26T07:15:00.000Z,zone-c,humidity,40.4
2024-01-26T09:37:00.000Z,zone-c,temperature,31.7
2024-01-26T10:05:00.000Z,zone-d,light,752.5
2024-01-26T12:46:00.000Z,zone-d,temperature,34.6
2024-01-26T13:46:00.000Z,zone-a,humidity,46.7
2024-01-26T16:29:00.000Z,zone-a,light,403.1
2024-01-26T17:17:00.000Z,zone-b,light,853.4
2024-01-26T17:37:00.000Z,zone-d,humidity,67.8
2024-01-26T20:12:00.000Z,zone-b,humidity,39.4
2024-01-26T21:38:00.000Z,zone-a,humidity,54.7
2024-01-26T22:25:00.000Z,zone-c,pressure,1005.1
2024-01-26T23:00:00.000Z,zone-c,humidity,67.5
2024-01-26T23:03:00.000Z,zone-b,pressure,994.7
2024-01-27T00:39:00.000Z,zone-a,light,330.2
2024-01-27T04:11:00.000Z,zone-d,light,521.1
2024-01-27T08:53:00.000Z,zone-b,temperature,18.2
2024-01-27T08:54:00.000Z,zone-a,pressure,994.3
2024-01-27T10:27:00.000Z,zone-a,temperature,22.1
2024-01-27T10:30:00.000Z,zone-c,temperature,31.4
2024-01-27T11:33:00.000Z,zone-d,temperature,24.2
2024-01-27T13:27:00.000Z,zone-b,light,532.8
2024-01-27T16:41:00.000Z,zone-d,humidity,76.4
2024-01-27T17:47:00.000Z,zone-d,pressure,1001.1
2024-01-27T17:49:00.000Z,zone-c,light,576.2
2024-01-27T20:20:00.000Z,zone-b,light,793.6
2024-01-27T21:50:00.000Z,zone-a,light,263.4
2024-01-27T22:58:00.000Z,zone-d,pressure,1011.6
2024-01-28T00:51:00.000Z,zone-d,temperature,21.2
2024-01-28T02:02:00.000Z,zone-b,pressure,999.7
2024-01-28T05:34:00.000Z,zone-c,light,165
2024-01-28T06:50:00.000Z,zone-a,humidity,72.2
2024-01-28T07:09:00.000Z,zone-d,humidity,43.6
2024-01-28T07:17:00.000Z,zone-b,temperature,29.5
2024-01-28T07:36:00.000Z,zone-b,humidity,67
2024-01-28T09:19:00.000Z,zone-a,temperature,28.8
2024-01-28T10:23:00.000Z,zone-a,pressure,1013.7
2024-01-28T13:14:00.000Z,zone-c,pressure,1003.9
2024-01-28T14:08:00.000Z,zone-c,humidity,52.1
2024-01-28T15:14:00.000Z,zone-c,temperature,21.6
2024-01-28T17:43:00.000Z,zone-d,light,144.1
2024-01-28T19:00:00.000Z,zone-c,humidity,75.1
2024-01-28T21:02:00.000Z,zone-c,pressure,1016.2
2024-01-28T21:05:00.000Z,zone-c,temperature,30
2024-01-28T21:32:00.000Z,zone-a,humidity,77.7
2024-01-28T22:09:00.000Z,zone-a,light,513.1
2024-01-28T23:35:00.000Z,zone-a,temperature,28.1
2024-01-28T23:47:00.000Z,zone-d,light,321.9
2024-01-29T02:47:00.000Z,zone-b,temperature,29.7
2024-01-29T04:06:00.000Z,zone-d,humidity,62.9
2024-01-29T06:07:00.000Z,zone-c,light,592.1
2024-01-29T06:49:00.000Z,zone-a,pressure,1013.2
2024-01-29T10:15:00.000Z,zone-d,temperature,34.7
2024-01-29T10:42:00.000Z,zone-d,pressure,995.5
2024-01-29T10:56:00.000Z,zone-b,light,211.7
2024-01-29T13:46:00.000Z,zone-b,humidity,61.6
2024-01-29T14:18:00.000Z,zone-b,pressure,997.4
2024-01-29T20:17:00.000Z,zone-d,humidity,45.9
2024-01-29T23:39:00.000Z,zone-d,temperature,32
2024-01-30T00:12:00.000Z,zone-a,humidity,37
2024-01-30T02:09:00.000Z,zone-c,pressure,992.5
2024-01-30T04:01:00.000Z,zone-b,humidity,57.9
2024-01-30T04:16:00.000Z,zone-a,temperature,18.6
2024-01-30T06:45:00.000Z,zone-c,humidity,53.1
2024-01-30T07:22:00.000Z,zone-b,light,709.9
2024-01-30T07:26:00.000Z,zone-d,pressure,992
2024-01-30T08:08:00.000Z,zone-c,light,312.1
2024-01-30T08:25:00.000Z,zone-a,pressure,990.9
2024-01-30T12:30:00.000Z,zone-a,light,507.7
2024-01-30T14:15:00.000Z,zone-b,temperature,33.1
2024-01-30T15:21:00.000Z,zone-d,light,110.7
2024-01-30T15:38:00.000Z,zone-b,pressure,1014.4
2024-01-30T16:07:00.000Z,zone-c,temperature,27.7
2024-01-30T19:30:00.000Z,zone-c,pressure,1000.6
2024-01-30T21:56:00.000Z,zone-c,humidity,43.4
2024-01-30T22:26:00.000Z,zone-a,pressure,1014.8
2024-01-30T22:44:00.000Z,zone-a,humidity,65.7
2024-01-31T02:18:00.000Z,zone-b,temperature,17.7
2024-01-31T06:13:00.000Z,zone-b,humidity,53.7
2024-01-31T06:30:00.000Z,zone-b,light,449.4
2024-01-31T09:04:00.000Z,zone-b,pressure,1010.3
2024-01-31T11:55:00.000Z,zone-c,light,346.5
2024-01-31T12:13:00.000Z,zone-d,temperature,18.3
2024-01-31T13:22:00.000Z,zone-a,temperature,20.6
2024-01-31T14:31:00.000Z,zone-a,light,363.6
2024-01-31T14:42:00.000Z,zone-d,humidity,79.2
2024-01-31T14:49:00.000Z,zone-c,temperature,29.9
2024-01-31T15:57:00.000Z,zone-d,light,649.7
2024-01-31T16:40:00.000Z,zone-d,pressure,996.5
2024-01-31T18:43:00.000Z,zone-b,pressure,1019.1
2024-01-31T19:56:00.000Z,zone-c,light,400.5
2024-01-31T20:04:00.000Z,zone-c,humidity,59
2024-01-31T20:15:00.000Z,zone-d,temperature,33.7
2024-01-31T20:16:00.000Z,zone-d,humidity,36
2024-01-31T21:11:00.000Z,zone-a,pressure,1015.3
2024-01-31T21:31:00.000Z,zone-d,pressure,1002.9
2024-02-01T01:38:00.000Z,zone-c,pressure,1007.2
2024-02-01T02:01:00.000Z,zone-c,temperature,15.1
2024-02-01T07:42:00.000Z,zone-a,temperature,20.3
2024-02-01T08:27:00.000Z,zone-d,light,259
2024-02-01T09:43:00.000Z,zone-b,humidity,35.3
2024-02-01T10:18:00.000Z,zone-a,humidity,65.6
2024-02-01T11:41:00.000Z,zone-a,light,771.1
2024-02-01T15:47:00.000Z,zone-b,temperature,21.6
2024-02-01T18:03:00.000Z,zone-b,light,710.7
2024-02-01T19:44:00.000Z,zone-b,humidity,33.1
2024-02-01T22:34:00.000Z,zone-b,temperature,34.6
2024-02-01T23:11:00.000Z,zone-d,light,676.3
2024-02-01T23:28:00.000Z,zone-c,light,386.7
2024-02-01T23:30:00.000Z,zone-c,pressure,1018.1
2024-02-02T02:11:00.000Z,zone-d,pressure,993
2024-02-02T02:31:00.000Z,zone-d,humidity,47.1
2024-02-02T04:35:00.000Z,zone-a,humidity,38.8
2024-02-02T06:15:00.000Z,zone-d,temperature,17.2
2024-02-02T07:27:00.000Z,zone-b,pressure,1012.9
2024-02-02T07:39:00.000Z,zone-c,temperature,34.9
2024-02-02T13:03:00.000Z,zone-a,light,567
2024-02-02T14:14:00.000Z,zone-c,humidity,56.7
2024-02-02T15:25:00.000Z,zone-a,pressure,1014.3
2024-02-02T15:42:00.000Z,zone-a,temperature,15.2
2024-02-02T18:10:00.000Z,zone-b,light,368.7
2024-02-02T19:15:00.000Z,zone-a,humidity,54.4
2024-02-02T19:54:00.000Z,zone-b,light,202.9
2024-02-02T20:14:00.000Z,zone-d,temperature,26.2
2024-02-02T20:39:00.000Z,zone-b,temperature,29.2
2024-02-03T05:28:00.000Z,zone-c,pressure,996.4
2024-02-03T07:28:00.000Z,zone-c,light,424.6
2024-02-03T08:17:00.000Z,zone-b,humidity,75
2024-02-03T08:23:00.000Z,zone-a,light,819.7
2024-02-03T08:28:00.000Z,zone-d,light,597.5
2024-02-03T09:24:00.000Z,zone-a,temperature,29.4
2024-02-03T11:37:00.000Z,zone-b,pressure,1012.9
2024-02-03T12:05:00.000Z,zone-a,pressure,990.5
2024-02-03T13:22:00.000Z,zone-c,humidity,71.2
2024-02-03T16:31:00.000Z,zone-d,pressure,1010.3
2024-02-03T17:02:00.000Z,zone-d,humidity,33.6
2024-02-03T18:04:00.000Z,zone-c,temperature,19.7
2024-02-03T19:53:00.000Z,zone-d,pressure,1017.5
2024-02-03T20:26:00.000Z,zone-c,temperature,17.7
2024-02-03T22:58:00.000Z,zone-d,light,615
2024-02-04T00:33:00.000Z,zone-c,pressure,994.5
2024-02-04T02:28:00.000Z,zone-b,pressure,999.4
2024-02-04T02:31:00.000Z,zone-d,humidity,74.7
2024-02-04T04:53:00.000Z,zone-a,humidity,56
2024-02-04T08:03:00.000Z,zone-b,humidity,73.7
2024-02-04T08:41:00.000Z,zone-c,humidity,64.3
2024-02-04T08:48:00.000Z,zone-d,temperature,15.5
2024-02-04T10:09:00.000Z,zone-b,temperature,32.1
2024-02-04T11:08:00.000Z,zone-a,light,828.5
2024-02-04T13:37:00.000Z,zone-b,light,483.6
2024-02-04T13:39:00.000Z,zone-a,pressure,1011.1
2024-02-04T15:37:00.000Z,zone-a,temperature,33.7
2024-02-04T17:13:00.000Z,zone-c,light,166.9
2024-02-04T20:13:00.000Z,zone-c,humidity,79.2
2024-02-04T21:45:00.000Z,zone-a,humidity,40.6
2024-02-05T02:52:00.000Z,zone-c,pressure,994.8
2024-02-05T03:41:00.000Z,zone-a,light,468.1
2024-02-05T08:12:00.000Z,zone-d,temperature,30.3
2024-02-05T08:19:00.000Z,zone-a,pressure,992.1
2024-02-05T08:19:00.000Z,zone-b,pressure,994
2024-02-05T11:18:00.000Z,zone-d,light,630.2
2024-02-05T12:28:00.000Z,zone-a,temperature,32.9
2024-02-05T12:35:00.000Z,zone-c,temperature,34.5
2024-02-05T12:54:00.000Z,zone-b,temperature,23
2024-02-05T13:29:00.000Z,zone-d,pressure,997.1
2024-02-05T14:01:00.000Z,zone-b,light,287.4
2024-02-05T14:57:00.000Z,zone-c,light,277.6
2024-02-05T17:24:00.000Z,zone-b,humidity,56.3
2024-02-05T18:10:00.000Z,zone-d,humidity,33.7
2024-02-05T19:46:00.000Z,zone-c,humidity,53.4
2024-02-05T21:04:00.000Z,zone-c,light,232.7
2024-02-05T22:59:00.000Z,zone-b,pressure,990.5
2024-02-05T23:05:00.000Z,zone-d,temperature,21.5
2024-02-06T02:47:00.000Z,zone-d,pressure,1006.8
2024-02-06T05:02:00.000Z,zone-d,light,413.5
2024-02-06T06:32:00.000Z,zone-a,humidity,59.4
2024-02-06T07:14:00.000Z,zone-d,humidity,34.4
2024-02-06T09:13:00.000Z,zone-a,temperature,30.6
2024-02-06T10:16:00.000Z,zone-c,temperature,24.6
2024-02-06T11:26:00.000Z,zone-a,pressure,1013.2
2024-02-06T11:57:00.000Z,zone-b,humidity,38.3
2024-02-06T13:03:00.000Z,zone-b,temperature,28
2024-02-06T13:52:00.000Z,zone-c,pressure,1009.8
2024-02-06T16:16:00.000Z,zone-b,light,694.7
2024-02-06T18:00:00.000Z,zone-a,light,589.7
2024-02-06T21:34:00.000Z,zone-c,temperature,15.3
2024-02-07T01:06:00.000Z,zone-b,pressure,994
2024-02-07T01:24:00.000Z,zone-d,temperature,24.2
2024-02-07T01:44:00.000Z,zone-b,light,439.5
2024-02-07T02:12:00.000Z,zone-d,pressure,1007
2024-02-07T03:19:00.000Z,zone-a,pressure,992.1
2024-02-07T03:46:00.000Z,zone-a,temperature,25.2
2024-02-07T07:07:00.000Z,zone-c,pressure,990.4
2024-02-07T07:18:00.000Z,zone-c,humidity,40.1
2024-02-07T07:27:00.000Z,zone-d,light,118.8
2024-02-07T11:11:00.000Z,zone-d,humidity,39.8
2024-02-07T14:04:00.000Z,zone-c,light,382.2
2024-02-07T15:20:00.000Z,zone-a,humidity,60.4
2024-02-07T16:55:00.000Z,zone-a,light,292.7
2024-02-07T17:20:00.000Z,zone-b,humidity,63
2024-02-07T18:22:00.000Z,zone-b,temperature,20.6
2024-02-07T19:49:00.000Z,zone-d,temperature,26.1
2024-02-07T20:19:00.000Z,zone-a,pressure,1002.5
2024-02-07T22:16:00.000Z,zone-a,humidity,68.7
2024-02-07T23:56:00.000Z,zone-b,humidity,67.9
2024-02-08T00:47:00.000Z,zone-d,light,745.5
2024-02-08T00:57:00.000Z,zone-a,light,793.1
2024-02-08T05:00:00.000Z,zone-d,pressure,1007.4
2024-02-08T06:28:00.000Z,zone-d,humidity,71.7
2024-02-08T06:29:00.000Z,zone-c,temperature,15.6
2024-02-08T06:44:00.000Z,zone-b,temperature,30.7
2024-02-08T08:12:00.000Z,zone-c,humidity,51
2024-02-08T10:32:00.000Z,zone-b,light,625.5
2024-02-08T11:35:00.000Z,zone-c,pressure,999
2024-02-08T12:04:00.000Z,zone-a,temperature,27.8
2024-02-08T15:31:00.000Z,zone-c,light,475.8
2024-02-08T16:37:00.000Z,zone-b,pressure,1015.6
2024-02-08T20:46:00.000Z,zone-a,temperature,32.6
2024-02-08T22:02:00.000Z,zone-c,pressure,1011.3
2024-02-08T22:02:00.000Z,zone-c,light,614.9
2024-02-08T22:15:00.000Z,zone-a,light,801.7
2024-02-08T23:24:00.000Z,zone-b,humidity,42.1
2024-02-09T01:20:00.000Z,zone-b,light,260.4
2024-02-09T01:37:00.000Z,zone-a,humidity,49
2024-02-09T03:17:00.000Z,zone-a,pressure,993.7
2024-02-09T08:09:00.000Z,zone-b,pressure,1011.5
2024-02-09T08:30:00.000Z,zone-c,temperature,15.4
2024-02-09T12:41:00.000Z,zone-d,temperature,25
2024-02-09T13:40:00.000Z,zone-d,light,544.9
2024-02-09T13:41:00.000Z,zone-d,pressure,1001.7
2024-02-09T14:24:00.000Z,zone-b,temperature,30.6
2024-02-09T17:53:00.000Z,zone-d,humidity,43.9
2024-02-09T18:09:00.000Z,zone-c,humidity,65.7
2024-02-09T20:17:00.000Z,zone-d,light,688.4
2024-02-09T20:46:00.000Z,zone-b,pressure,1012.8
2024-02-09T22:15:00.000Z,zone-c,light,873.9
2024-02-10T01:46:00.000Z,zone-a,temperature,26.5
2024-02-10T02:11:00.000Z,zone-a,light,328.5
2024-02-10T03:28:00.000Z,zone-c,humidity,49.5
2024-02-10T06:35:00.000Z,zone-a,humidity,78.8
2024-02-10T07:55:00.000Z,zone-a,pressure,1012.3
2024-02-10T08:03:00.000Z,zone-c,pressure,1008.8
2024-02-10T08:20:00.000Z,zone-d,humidity,48.6
2024-02-10T08:56:00.000Z,zone-d,pressure,994.4
2024-02-10T11:43:00.000Z,zone-b,temperature,30.9
2024-02-10T13:34:00.000Z,zone-c,temperature,26.4
2024-02-10T14:23:00.000Z,zone-d,temperature,23.7
2024-02-10T16:18:00.000Z,zone-b,light,675.1
2024-02-10T17:38:00.000Z,zone-b,humidity,62.1
2024-02-10T18:44:00.000Z,zone-a,light,281.8
2024-02-10T21:40:00.000Z,zone-b,temperature,22
2024-02-10T21:41:00.000Z,zone-c,light,675.6
2024-02-10T22:20:00.000Z,zone-a,pressure,996
2024-02-10T22:23:00.000Z,zone-b,humidity,57.8
2024-02-11T03:17:00.000Z,zone-c,temperature,27.5
2024-02-11T07:55:00.000Z,zone-a,temperature,31.3
2024-02-11T09:27:00.000Z,zone-d,light,459.7
2024-02-11T09:38:00.000Z,zone-a,humidity,38.1
2024-02-11T11:18:00.000Z,zone-c,pressure,994.4
2024-02-11T12:03:00.000Z,zone-b,pressure,999.2
2024-02-11T12:55:00.000Z,zone-b,light,735.4
2024-02-11T16:21:00.000Z,zone-c,humidity,37.3
2024-02-11T17:31:00.000Z,zone-d,temperature,15
2024-02-11T18:11:00.000Z,zone-d,pressure,998.4
2024-02-11T18:20:00.000Z,zone-d,humidity,45.5
2024-02-11T18:50:00.000Z,zone-c,light,257.4
2024-02-11T19:10:00.000Z,zone-b,humidity,62.2
2024-02-11T21:16:00.000Z,zone-a,light,778
2024-02-11T21:34:00.000Z,zone-a,humidity,58.3
2024-02-11T23:41:00.000Z,zone-d,pressure,1009.4
2024-02-11T23:45:00.000Z,zone-b,temperature,19.4
2024-02-12T00:12:00.000Z,zone-d,humidity,51.7
2024-02-12T01:12:00.000Z,zone-d,temperature,32.2
2024-02-12T02:29:00.000Z,zone-c,humidity,38.2
2024-02-12T03:37:00.000Z,zone-c,pressure,1003.9
2024-02-12T04:43:00.000Z,zone-a,pressure,998.4
2024-02-12T08:13:00.000Z,zone-d,light,777.3
2024-02-12T09:36:00.000Z,zone-a,temperature,15.8
2024-02-12T12:15:00.000Z,zone-b,light,569.7
2024-02-12T14:50:00.000Z,zone-b,pressure,1015.9
2024-02-12T18:28:00.000Z,zone-c,temperature,30.7
2024-02-12T18:48:00.000Z,zone-d,temperature,24.1
2024-02-12T19:15:00.000Z,zone-b,temperature,21.2
2024-02-12T20:11:00.000Z,zone-c,temperature,15.5
2024-02-12T21:04:00.000Z,zone-d,humidity,50.2
2024-02-12T21:16:00.000Z,zone-a,light,318.1
2024-02-12T22:23:00.000Z,zone-b,pressure,992.9
2024-02-12T22:35:00.000Z,zone-d,pressure,992.3
2024-02-12T23:47:00.000Z,zone-a,pressure,994
2024-02-13T00:59:00.000Z,zone-c,humidity,59.7
2024-02-13T01:00:00.000Z,zone-d,light,401.3
2024-02-13T01:58:00.000Z,zone-b,humidity,54.4
2024-02-13T08:07:00.000Z,zone-c,pressure,1010.1
2024-02-13T09:27:00.000Z,zone-a,temperature,23.9
2024-02-13T09:29:00.000Z,zone-b,light,252.3
2024-02-13T11:51:00.000Z,zone-c,light,234.3
2024-02-13T15:49:00.000Z,zone-a,humidity,68.3
2024-02-13T19:36:00.000Z,zone-c,temperature,30.5
2024-02-13T20:17:00.000Z,zone-b,pressure,997.8
2024-02-13T20:25:00.000Z,zone-d,humidity,70.4
2024-02-13T21:21:00.000Z,zone-c,light,372.2
2024-02-13T21:41:00.000Z,zone-a,pressure,997.1
2024-02-14T00:28:00.000Z,zone-a,humidity,40.1
2024-02-14T01:53:00.000Z,zone-b,humidity,54.3
2024-02-14T05:20:00.000Z,zone-a,light,247.7
2024-02-14T07:34:00.000Z,zone-d,temperature,31
2024-02-14T08:36:00.000Z,zone-d,pressure,994.1
2024-02-14T09:10:00.000Z,zone-c,pressure,1000.5
2024-02-14T10:54:00.000Z,zone-d,light,681.3
2024-02-14T11:15:00.000Z,zone-b,light,845.9
2024-02-14T11:25:00.000Z,zone-a,temperature,16.1
2024-02-14T12:54:00.000Z,zone-b,temperature,24
2024-02-14T15:40:00.000Z,zone-c,humidity,52.3
2024-02-14T19:16:00.000Z,zone-a,temperature,29.1
2024-02-14T19:33:00.000Z,zone-d,temperature,27.6
2024-02-14T20:17:00.000Z,zone-b,light,752.7
2024-02-15T01:14:00.000Z,zone-a,humidity,40.8
2024-02-15T04:44:00.000Z,zone-c,pressure,996
2024-02-15T06:09:00.000Z,zone-c,humidity,70.5
2024-02-15T07:21:00.000Z,zone-a,pressure,1001.5
2024-02-15T07:35:00.000Z,zone-d,humidity,46.1
2024-02-15T08:11:00.000Z,zone-b,humidity,49.1
2024-02-15T08:40:00.000Z,zone-b,pressure,999.4
2024-02-15T10:19:00.000Z,zone-c,temperature,15.8
2024-02-15T11:53:00.000Z,zone-d,light,576.3
2024-02-15T12:48:00.000Z,zone-b,temperature,21
2024-02-15T12:54:00.000Z,zone-c,light,526.3
2024-02-15T14:04:00.000Z,zone-d,pressure,997.7
2024-02-15T17:55:00.000Z,zone-a,light,486.8
2024-02-15T18:35:00.000Z,zone-a,pressure,1011
2024-02-15T19:50:00.000Z,zone-c,pressure,1005.3
2024-02-15T22:09:00.000Z,zone-d,temperature,19.7
2024-02-15T22:16:00.000Z,zone-d,humidity,33.7
2024-02-15T23:07:00.000Z,zone-b,pressure,998.4
2024-02-15T23:40:00.000Z,zone-c,temperature,32.7
2024-02-16T04:19:00.000Z,zone-b,light,671.6
2024-02-16T05:09:00.000Z,zone-b,temperature,33.3
2024-02-16T05:11:00.000Z,zone-d,pressure,1009
2024-02-16T08:00:00.000Z,zone-b,humidity,36.6
2024-02-16T08:55:00.000Z,zone-a,temperature,25.5
2024-02-16T09:00:00.000Z,zone-a,humidity,43
2024-02-16T09:33:00.000Z,zone-a,light,553.8
2024-02-16T12:30:00.000Z,zone-c,light,221.8
2024-02-16T14:28:00.000Z,zone-c,humidity,51.8
2024-02-16T16:10:00.000Z,zone-d,light,861
2024-02-16T21:45:00.000Z,zone-d,humidity,60.4
2024-02-16T22:44:00.000Z,zone-d,pressure,992.5
2024-02-16T23:25:00.000Z,zone-b,light,324.7
2024-02-17T00:02:00.000Z,zone-c,light,585.1
2024-02-17T01:05:00.000Z,zone-a,light,572.3
2024-02-17T01:40:00.000Z,zone-d,light,233.3
2024-02-17T06:30:00.000Z,zone-a,humidity,53.5
2024-02-17T07:07:00.000Z,zone-b,pressure,1006.1
2024-02-17T11:10:00.000Z,zone-c,temperature,35
2024-02-17T12:30:00.000Z,zone-a,pressure,1004.6
2024-02-17T12:52:00.000Z,zone-c,pressure,999.3
2024-02-17T12:54:00.000Z,zone-d,temperature,25.6
2024-02-17T14:12:00.000Z,zone-b,temperature,30
2024-02-17T15:26:00.000Z,zone-a,temperature,25.1
2024-02-17T15:40:00.000Z,zone-c,humidity,38.8
2024-02-17T18:15:00.000Z,zone-b,humidity,56.8
2024-02-17T22:30:00.000Z,zone-c,light,131.3
2024-02-17T22:57:00.000Z,zone-a,light,896.7
2024-02-17T23:16:00.000Z,zone-b,light,685.3
2024-02-17T23:50:00.000Z,zone-a,pressure,1009.3
2024-02-18T03:38:00.000Z,zone-b,temperature,21
2024-02-18T04:08:00.000Z,zone-d,temperature,16
2024-02-18T04:13:00.000Z,zone-d,humidity,63.9
2024-02-18T06:08:00.000Z,zone-c,temperature,28.6
2024-02-18T07:33:00.000Z,zone-b,pressure,1008.2
2024-02-18T08:06:00.000Z,zone-b,humidity,33.3
2024-02-18T09:51:00.000Z,zone-c,humidity,48
2024-02-18T13:55:00.000Z,zone-d,pressure,996.8
2024-02-18T14:29:00.000Z,zone-a,temperature,24.9
2024-02-18T14:56:00.000Z,zone-a,humidity,51.2
2024-02-18T15:46:00.000Z,zone-c,pressure,991.3
2024-02-18T15:53:00.000Z,zone-d,light,706.9
2024-02-18T18:38:00.000Z,zone-b,light,198.9
2024-02-18T19:33:00.000Z,zone-d,light,762.8
2024-02-18T22:58:00.000Z,zone-a,temperature,18
2024-02-19T00:24:00.000Z,zone-b,pressure,1013.8
2024-02-19T03:00:00.000Z,zone-b,humidity,71.4
2024-02-19T04:14:00.000Z,zone-a,humidity,70
2024-02-19T04:57:00.000Z,zone-d,temperature,21.4
2024-02-19T08:47:00.000Z,zone-d,pressure,1015.6
2024-02-19T09:35:00.000Z,zone-c,humidity,35.7
2024-02-19T09:37:00.000Z,zone-a,light,735.5
2024-02-19T11:40:00.000Z,zone-d,humidity,72.4
2024-02-19T12:12:00.000Z,zone-a,pressure,1001
2024-02-19T13:51:00.000Z,zone-b,temperature,31.3
2024-02-19T14:34:00.000Z,zone-c,light,553.3
2024-02-19T15:47:00.000Z,zone-c,pressure,1016.4
2024-02-19T18:00:00.000Z,zone-c,temperature,15.1
2024-02-19T18:45:00.000Z,zone-b,light,461.7
2024-02-19T18:52:00.000Z,zone-b,humidity,47.7
2024-02-19T21:31:00.000Z,zone-c,pressure,993.9
2024-02-20T00:11:00.000Z,zone-b,pressure,999.7
2024-02-20T01:42:00.000Z,zone-c,humidity,67.3
2024-02-20T02:22:00.000Z,zone-a,humidity,73.3
2024-02-20T02:28:00.000Z,zone-d,temperature,30.6
2024-02-20T03:10:00.000Z,zone-a,light,550
2024-02-20T05:18:00.000Z,zone-d,humidity,59.4
2024-02-20T10:10:00.000Z,zone-d,light,523.3
2024-02-20T11:15:00.000Z,zone-c,temperature,30
2024-02-20T13:06:00.000Z,zone-c,light,224.5
2024-02-20T14:19:00.000Z,zone-d,pressure,1014.5
2024-02-20T14:58:00.000Z,zone-b,temperature,30.7
2024-02-20T17:57:00.000Z,zone-a,temperature,25.4
2024-02-20T18:18:00.000Z,zone-a,pressure,1013
2024-02-20T19:47:00.000Z,zone-a,pressure,1017.1
2024-02-20T20:56:00.000Z,zone-a,light,380.6
2024-02-20T21:46:00.000Z,zone-b,humidity,34.2
2024-02-21T00:49:00.000Z,zone-c,temperature,34
2024-02-21T02:38:00.000Z,zone-c,humidity,61.7
2024-02-21T03:28:00.000Z,zone-c,pressure,1005
2024-02-21T05:03:00.000Z,zone-b,light,320.4
2024-02-21T06:16:00.000Z,zone-d,light,635.1
2024-02-21T08:17:00.000Z,zone-d,humidity,43.4
2024-02-21T08:41:00.000Z,zone-a,humidity,70.7
2024-02-21T10:39:00.000Z,zone-c,light,795
2024-02-21T11:04:00.000Z,zone-d,temperature,18
2024-02-21T12:34:00.000Z,zone-b,pressure,1019.3
2024-02-21T14:08:00.000Z,zone-b,temperature,22.5
2024-02-21T17:22:00.000Z,zone-a,temperature,18.4
2024-02-21T17:34:00.000Z,zone-d,pressure,1015.7
2024-02-21T18:55:00.000Z,zone-b,humidity,31.5
2024-02-21T22:09:00.000Z,zone-d,humidity,79.9
2024-02-21T22:14:00.000Z,zone-d,light,336.5
2024-02-22T02:57:00.000Z,zone-a,pressure,1011.5
2024-02-22T03:15:00.000Z,zone-d,pressure,1005.8
2024-02-22T03:40:00.000Z,zone-b,light,744.8
2024-02-22T07:15:00.000Z,zone-a,light,859.1
2024-02-22T09:06:00.000Z,zone-c,pressure,998.3
2024-02-22T10:01:00.000Z,zone-a,humidity,68.3
2024-02-22T10:27:00.000Z,zone-a,temperature,27.7
2024-02-22T10:30:00.000Z,zone-c,humidity,38
2024-02-22T11:23:00.000Z,zone-d,temperature,29.2
2024-02-22T12:42:00.000Z,zone-b,temperature,25.3
2024-02-22T13:55:00.000Z,zone-c,temperature,18.3
2024-02-22T17:23:00.000Z,zone-b,pressure,995.1
2024-02-22T17:31:00.000Z,zone-c,light,551.8
2024-02-22T18:36:00.000Z,zone-d,light,427.4
2024-02-22T19:16:00.000Z,zone-c,pressure,1001.4
2024-02-22T23:41:00.000Z,zone-b,humidity,45.9
2024-02-22T23:55:00.000Z,zone-a,pressure,996.8
2024-02-23T00:16:00.000Z,zone-a,humidity,33.7
2024-02-23T03:27:00.000Z,zone-d,temperature,25.3
2024-02-23T09:01:00.000Z,zone-a,light,705.4
2024-02-23T09:13:00.000Z,zone-a,temperature,28.6
2024-02-23T09:54:00.000Z,zone-b,light,742.2
2024-02-23T12:55:00.000Z,zone-c,humidity,72
2024-02-23T13:07:00.000Z,zone-b,pressure,994
2024-02-23T15:09:00.000Z,zone-c,temperature,26.7
2024-02-23T15:39:00.000Z,zone-b,temperature,26.6
2024-02-23T16:56:00.000Z,zone-d,pressure,1013.8
2024-02-23T17:23:00.000Z,zone-d,humidity,49.8
2024-02-23T18:08:00.000Z,zone-c,light,864.5
2024-02-23T21:31:00.000Z,zone-c,humidity,42.7
2024-02-23T21:40:00.000Z,zone-b,light,699.5
2024-02-23T21:57:00.000Z,zone-b,pressure,993.7
2024-02-23T22:14:00.000Z,zone-c,temperature,34.8
2024-02-24T01:28:00.000Z,zone-b,humidity,52
2024-02-24T03:57:00.000Z,zone-a,light,406.7
2024-02-24T04:20:00.000Z,zone-d,temperature,33
2024-02-24T08:38:00.000Z,zone-d,light,293.2
2024-02-24T08:40:00.000Z,zone-a,pressure,1007.7
2024-02-24T10:32:00.000Z,zone-b,temperature,26.9
2024-02-24T11:03:00.000Z,zone-a,humidity,59.7
2024-02-24T12:35:00.000Z,zone-d,humidity,42.1
2024-02-24T13:16:00.000Z,zone-c,light,458.9
2024-02-24T14:26:00.000Z,zone-a,temperature,15.9
2024-02-24T16:05:00.000Z,zone-c,pressure,997.5
2024-02-24T17:39:00.000Z,zone-d,pressure,1009.3
2024-02-24T18:30:00.000Z,zone-c,temperature,24.8
2024-02-24T20:52:00.000Z,zone-b,temperature,27.1
2024-02-24T22:13:00.000Z,zone-a,temperature,30.3
2024-02-24T22:16:00.000Z,zone-a,light,159.7
2024-02-24T23:05:00.000Z,zone-d,light,646.6
2024-02-25T03:33:00.000Z,zone-b,pressure,1011.8
2024-02-25T05:30:00.000Z,zone-c,pressure,994.8
2024-02-25T09:04:00.000Z,zone-a,humidity,54.7
2024-02-25T09:53:00.000Z,zone-a,pressure,1013.2
2024-02-25T09:55:00.000Z,zone-d,humidity,74.2
2024-02-25T12:49:00.000Z,zone-b,light,454.1
2024-02-25T15:57:00.000Z,zone-b,humidity,46.7
2024-02-25T16:03:00.000Z,zone-c,light,733.4
2024-02-25T16:46:00.000Z,zone-c,humidity,56.5
2024-02-25T17:39:00.000Z,zone-d,pressure,1000.9
2024-02-25T18:04:00.000Z,zone-d,temperature,24.2
2024-02-25T20:00:00.000Z,zone-d,temperature,29.5
2024-02-25T21:16:00.000Z,zone-a,humidity,63.1
2024-02-25T22:24:00.000Z,zone-d,humidity,47.8
2024-02-25T22:54:00.000Z,zone-b,humidity,39.6
2024-02-26T03:10:00.000Z,zone-c,pressure,998.7
2024-02-26T03:31:00.000Z,zone-b,light,640.2
2024-02-26T04:40:00.000Z,zone-c,humidity,39.1
2024-02-26T04:45:00.000Z,zone-a,temperature,32.3
2024-02-26T05:27:00.000Z,zone-c,light,888.9
2024-02-26T07:15:00.000Z,zone-d,pressure,1010.1
2024-02-26T07:37:00.000Z,zone-a,pressure,1016.4
2024-02-26T09:27:00.000Z,zone-b,temperature,30
2024-02-26T13:19:00.000Z,zone-a,light,220.6
2024-02-26T13:25:00.000Z,zone-c,temperature,34.8
2024-02-26T13:49:00.000Z,zone-d,light,665.2
2024-02-26T17:10:00.000Z,zone-b,pressure,1018.4
2024-02-26T21:22:00.000Z,zone-a,pressure,1015.5
2024-02-26T21:34:00.000Z,zone-c,light,851.2
2024-02-26T22:14:00.000Z,zone-d,pressure,998.5
2024-02-27T00:33:00.000Z,zone-c,pressure,1003.6
2024-02-27T02:29:00.000Z,zone-b,temperature,26
2024-02-27T04:41:00.000Z,zone-b,humidity,48.3
2024-02-27T05:59:00.000Z,zone-d,light,774.8
2024-02-27T06:54:00.000Z,zone-d,humidity,45.6
2024-02-27T07:33:00.000Z,zone-b,light,756.2
2024-02-27T07:45:00.000Z,zone-a,temperature,24.7
2024-02-27T14:36:00.000Z,zone-d,temperature,31.7
2024-02-27T14:38:00.000Z,zone-a,humidity,48.6
2024-02-27T14:52:00.000Z,zone-a,light,898.1
2024-02-27T14:57:00.000Z,zone-c,humidity,65.8
2024-02-27T16:59:00.000Z,zone-b,pressure,1000
2024-02-27T17:59:00.000Z,zone-c,temperature,25
2024-02-27T19:03:00.000Z,zone-b,humidity,71.3
2024-02-27T22:19:00.000Z,zone-b,pressure,1018.4
2024-02-27T22:50:00.000Z,zone-c,temperature,20.5
2024-02-27T23:07:00.000Z,zone-a,humidity,36.2
2024-02-28T00:55:00.000Z,zone-c,light,354.5
2024-02-28T02:42:00.000Z,zone-c,humidity,34.7
2024-02-28T03:38:00.000Z,zone-d,humidity,67.7
2024-02-28T05:18:00.000Z,zone-a,temperature,16.9
2024-02-28T05:52:00.000Z,zone-d,pressure,1005.4
2024-02-28T07:11:00.000Z,zone-c,pressure,990.7
2024-02-28T09:05:00.000Z,zone-b,light,623
2024-02-28T11:47:00.000Z,zone-b,temperature,31.3
2024-02-28T13:33:00.000Z,zone-a,light,750.4
2024-02-28T16:34:00.000Z,zone-d,temperature,26.7
2024-02-28T17:04:00.000Z,zone-d,light,748.6
2024-02-28T18:22:00.000Z,zone-a,pressure,995.8
2024-02-28T19:10:00.000Z,zone-b,temperature,20.5
2024-02-28T19:29:00.000Z,zone-a,light,665.3
2024-02-28T20:31:00.000Z,zone-a,temperature,32.7
2024-02-28T22:16:00.000Z,zone-c,temperature,29.2
2024-02-29T00:06:00.000Z,zone-b,light,508.9
2024-02-29T01:50:00.000Z,zone-d,light,528.9
2024-02-29T02:41:00.000Z,zone-c,light,852.1
2024-02-29T04:08:00.000Z,zone-a,pressure,1017.2
2024-02-29T06:59:00.000Z,zone-c,humidity,32.7
2024-02-29T08:04:00.000Z,zone-c,pressure,990.3
2024-02-29T11:46:00.000Z,zone-b,pressure,990.6
2024-02-29T14:43:00.000Z,zone-d,humidity,41.6
2024-02-29T15:23:00.000Z,zone-d,temperature,17.3
2024-02-29T16:12:00.000Z,zone-d,pressure,1003.6
2024-02-29T16:15:00.000Z,zone-a,humidity,66.3
2024-02-29T16:49:00.000Z,zone-b,humidity,42.2
2024-02-29T23:20:00.000Z,zone-a,light,403
2024-03-01T02:30:00.000Z,zone-d,pressure,1016.1
2024-03-01T05:30:00.000Z,zone-b,humidity,36.4
2024-03-01T06:01:00.000Z,zone-c,light,728.8
2024-03-01T06:28:00.000Z,zone-a,pressure,1012.2
2024-03-01T06:41:00.000Z,zone-a,humidity,62.8
2024-03-01T08:38:00.000Z,zone-c,temperature,16.7
2024-03-01T09:44:00.000Z,zone-d,temperature,24.2
2024-03-01T10:47:00.000Z,zone-b,light,123.8
2024-03-01T13:16:00.000Z,zone-b,temperature,31.1
2024-03-01T14:02:00.000Z,zone-c,pressure,1007.8
2024-03-01T14:11:00.000Z,zone-c,humidity,70.8
2024-03-01T15:42:00.000Z,zone-d,humidity,60.6
2024-03-01T16:43:00.000Z,zone-a,temperature,18.5
2024-03-01T17:50:00.000Z,zone-b,pressure,993.5
2024-03-01T18:23:00.000Z,zone-d,light,600.4
2024-03-01T19:41:00.000Z,zone-c,pressure,998.7
2024-03-01T19:47:00.000Z,zone-d,temperature,32
2024-03-01T21:15:00.000Z,zone-a,temperature,26.7
2024-03-01T22:09:00.000Z,zone-c,humidity,69.2
2024-03-01T22:51:00.000Z,zone-d,humidity,70.2
2024-03-01T23:39:00.000Z,zone-b,light,325.7
2024-03-01T23:47:00.000Z,zone-d,light,816.4
2024-03-02T04:29:00.000Z,zone-c,light,117.2
2024-03-02T05:46:00.000Z,zone-a,light,448.6
2024-03-02T06:24:00.000Z,zone-c,temperature,15.4
2024-03-02T08:11:00.000Z,zone-a,humidity,68.6
2024-03-02T09:44:00.000Z,zone-b,humidity,50
2024-03-02T12:37:00.000Z,zone-b,pressure,1003.9
2024-03-02T15:30:00.000Z,zone-a,pressure,1017.7
2024-03-02T16:34:00.000Z,zone-b,temperature,16.8
2024-03-02T17:32:00.000Z,zone-d,pressure,996.8
2024-03-02T18:55:00.000Z,zone-d,humidity,55.1
2024-03-02T21:36:00.000Z,zone-a,humidity,50.9
2024-03-03T01:56:00.000Z,zone-b,temperature,16.1
2024-03-03T02:35:00.000Z,zone-c,humidity,73.8
2024-03-03T03:20:00.000Z,zone-d,pressure,1009.4
2024-03-03T05:37:00.000Z,zone-a,light,753.1
2024-03-03T08:19:00.000Z,zone-a,pressure,1002.9
2024-03-03T08:36:00.000Z,zone-b,light,760.1
2024-03-03T09:56:00.000Z,zone-c,pressure,997.4
2024-03-03T12:49:00.000Z,zone-a,temperature,18.6
2024-03-03T13:41:00.000Z,zone-c,temperature,16.6
2024-03-03T13:44:00.000Z,zone-d,light,353.7
2024-03-03T15:31:00.000Z,zone-b,humidity,53.7
2024-03-03T16:11:00.000Z,zone-d,temperature,19.3
2024-03-03T16:52:00.000Z,zone-c,light,468.1
2024-03-03T17:18:00.000Z,zone-b,pressure,1004.1
2024-03-03T19:07:00.000Z,zone-d,pressure,1013.2
2024-03-03T19:57:00.000Z,zone-c,light,675.6
2024-03-03T20:16:00.000Z,zone-d,humidity,61.8
2024-03-03T21:21:00.000Z,zone-c,humidity,46.8
2024-03-03T23:54:00.000Z,zone-a,pressure,993.5
2024-03-04T01:17:00.000Z,zone-b,pressure,996.4
2024-03-04T02:50:00.000Z,zone-b,temperature,17.4
2024-03-04T04:25:00.000Z,zone-d,temperature,26.9
2024-03-04T04:29:00.000Z,zone-a,temperature,23.2
2024-03-04T06:41:00.000Z,zone-d,light,426.8
2024-03-04T09:10:00.000Z,zone-a,humidity,64.6
2024-03-04T09:22:00.000Z,zone-c,temperature,20.2
2024-03-04T11:29:00.000Z,zone-b,humidity,56.4
2024-03-04T13:00:00.000Z,zone-a,light,868.6
2024-03-04T13:11:00.000Z,zone-c,pressure,991.8
2024-03-04T15:06:00.000Z,zone-b,light,291.8
2024-03-04T19:09:00.000Z,zone-a,pressure,1007.9
2024-03-04T21:25:00.000Z,zone-a,temperature,21.6
2024-03-04T22:53:00.000Z,zone-b,humidity,61.3
2024-03-04T22:56:00.000Z,zone-d,temperature,33
2024-03-05T00:29:00.000Z,zone-d,pressure,996.5
2024-03-05T01:33:00.000Z,zone-c,temperature,22.3
2024-03-05T02:27:00.000Z,zone-c,pressure,1002.1
2024-03-05T04:21:00.000Z,zone-b,light,854.8
2024-03-05T05:08:00.000Z,zone-d,humidity,62.4
2024-03-05T05:12:00.000Z,zone-c,humidity,39.2
2024-03-05T07:12:00.000Z,zone-c,light,852.2
2024-03-05T08:46:00.000Z,zone-b,temperature,22.7
2024-03-05T15:14:00.000Z,zone-b,pressure,999.1
2024-03-05T15:19:00.000Z,zone-d,light,876
2024-03-05T15:24:00.000Z,zone-a,light,323.3
2024-03-05T17:41:00.000Z,zone-a,humidity,77
2024-03-05T18:31:00.000Z,zone-d,temperature,24.4
2024-03-05T18:35:00.000Z,zone-d,humidity,64.7
2024-03-05T20:24:00.000Z,zone-a,temperature,24.7
2024-03-05T20:57:00.000Z,zone-d,light,568.6
2024-03-05T22:55:00.000Z,zone-d,pressure,1017.5
2024-03-05T23:13:00.000Z,zone-b,light,699.7
2024-03-05T23:36:00.000Z,zone-a,humidity,71
2024-03-06T03:41:00.000Z,zone-b,pressure,1012.7
2024-03-06T05:52:00.000Z,zone-c,light,522.1
2024-03-06T09:21:00.000Z,zone-a,light,376.8
2024-03-06T10:05:00.000Z,zone-b,humidity,57.1
2024-03-06T10:17:00.000Z,zone-c,humidity,78
2024-03-06T10:30:00.000Z,zone-c,temperature,29.8
2024-03-06T14:40:00.000Z,zone-a,pressure,1019.8
2024-03-06T15:45:00.000Z,zone-b,temperature,16.1
2024-03-06T16:59:00.000Z,zone-c,pressure,1000.9
2024-03-06T19:02:00.000Z,zone-b,humidity,75
2024-03-06T20:34:00.000Z,zone-a,pressure,1002.1
2024-03-06T23:02:00.000Z,zone-a,temperature,26.9
2024-03-06T23:14:00.000Z,zone-b,light,359
2024-03-07T01:53:00.000Z,zone-c,temperature,29.3
2024-03-07T03:12:00.000Z,zone-b,temperature,17.5
2024-03-07T04:25:00.000Z,zone-d,light,359.7
2024-03-07T07:22:00.000Z,zone-c,humidity,34.9
2024-03-07T13:34:00.000Z,zone-a,light,722.2
2024-03-07T14:37:00.000Z,zone-c,light,327.1
2024-03-07T14:45:00.000Z,zone-a,humidity,68.2
2024-03-07T14:49:00.000Z,zone-d,humidity,60.2
2024-03-07T16:30:00.000Z,zone-b,pressure,1010.4
2024-03-07T16:49:00.000Z,zone-c,pressure,1011.4
2024-03-07T17:39:00.000Z,zone-d,pressure,992.4
2024-03-07T18:21:00.000Z,zone-d,temperature,26.6
2024-03-07T18:52:00.000Z,zone-a,light,600.5
2024-03-07T20:33:00.000Z,zone-a,pressure,995
2024-03-07T23:15:00.000Z,zone-c,pressure,999.4
2024-03-07T23:21:00.000Z,zone-c,humidity,44
2024-03-08T00:49:00.000Z,zone-d,pressure,999.9
2024-03-08T02:54:00.000Z,zone-b,temperature,17
2024-03-08T03:35:00.000Z,zone-c,light,380.6
2024-03-08T05:40:00.000Z,zone-a,humidity,35.4
2024-03-08T07:57:00.000Z,zone-d,temperature,19.4
2024-03-08T11:29:00.000Z,zone-b,humidity,75.8
2024-03-08T12:07:00.000Z,zone-a,temperature,21.2
2024-03-08T12:12:00.000Z,zone-b,light,478.1
2024-03-08T14:41:00.000Z,zone-c,temperature,22.3
2024-03-08T17:00:00.000Z,zone-d,light,160.2
2024-03-08T17:24:00.000Z,zone-b,pressure,1006.3
2024-03-08T17:31:00.000Z,zone-d,humidity,79.4
2024-03-08T18:34:00.000Z,zone-d,pressure,991.9
2024-03-08T19:06:00.000Z,zone-c,humidity,47.5
2024-03-08T21:45:00.000Z,zone-c,temperature,26.9
2024-03-09T01:24:00.000Z,zone-a,temperature,20.6
2024-03-09T01:24:00.000Z,zone-c,pressure,1018.3
2024-03-09T02:07:00.000Z,zone-a,light,666.9
2024-03-09T02:39:00.000Z,zone-a,humidity,62
2024-03-09T03:06:00.000Z,zone-b,humidity,75.4
2024-03-09T05:41:00.000Z,zone-b,temperature,19.7
2024-03-09T06:33:00.000Z,zone-a,pressure,1006.8
2024-03-09T08:19:00.000Z,zone-d,temperature,18.4
2024-03-09T10:45:00.000Z,zone-b,light,662.6
2024-03-09T14:44:00.000Z,zone-d,humidity,57
2024-03-09T14:55:00.000Z,zone-d,light,494.6
2024-03-09T14:59:00.000Z,zone-c,light,717.9
2024-03-09T15:09:00.000Z,zone-b,pressure,994.1
2024-03-09T23:09:00.000Z,zone-c,pressure,1003.1
2024-03-10T01:17:00.000Z,zone-b,humidity,41.4
2024-03-10T01:34:00.000Z,zone-d,light,600
2024-03-10T02:44:00.000Z,zone-d,humidity,79.2
2024-03-10T03:03:00.000Z,zone-c,humidity,68.8
2024-03-10T03:26:00.000Z,zone-b,pressure,995.7
2024-03-10T04:54:00.000Z,zone-b,light,109.6
2024-03-10T05:38:00.000Z,zone-b,temperature,30.5
2024-03-10T06:21:00.000Z,zone-c,temperature,26.7
2024-03-10T06:47:00.000Z,zone-c,light,290.3
2024-03-10T08:06:00.000Z,zone-d,temperature,16.7
2024-03-10T08:54:00.000Z,zone-a,pressure,1006.9
2024-03-10T11:06:00.000Z,zone-a,light,275.2
2024-03-10T11:16:00.000Z,zone-d,pressure,1020
2024-03-10T11:26:00.000Z,zone-a,humidity,52.4
2024-03-10T14:34:00.000Z,zone-a,temperature,27.9
2024-03-10T18:30:00.000Z,zone-b,humidity,63.5
2024-03-10T18:40:00.000Z,zone-a,light,644.4
2024-03-10T19:01:00.000Z,zone-b,light,754.4
2024-03-10T20:24:00.000Z,zone-a,pressure,994.1
2024-03-10T20:24:00.000Z,zone-c,temperature,33.7
2024-03-10T22:08:00.000Z,zone-b,temperature,18.9
2024-03-10T22:40:00.000Z,zone-d,pressure,1007.6
2024-03-10T22:52:00.000Z,zone-d,light,468.9
2024-03-10T22:56:00.000Z,zone-a,humidity,47.8
2024-03-11T08:23:00.000Z,zone-a,temperature,31.1
2024-03-11T10:23:00.000Z,zone-c,pressure,999.4
2024-03-11T11:52:00.000Z,zone-b,pressure,996.2
2024-03-11T13:15:00.000Z,zone-d,humidity,55.9
2024-03-11T14:46:00.000Z,zone-c,light,416.5
2024-03-11T15:17:00.000Z,zone-c,humidity,39.3
2024-03-11T17:02:00.000Z,zone-d,temperature,33.8
2024-03-11T19:30:00.000Z,zone-d,temperature,16.1
2024-03-11T19:47:00.000Z,zone-d,humidity,47.8
2024-03-11T20:53:00.000Z,zone-a,humidity,44.9
2024-03-11T22:28:00.000Z,zone-c,light,811.9
2024-03-11T23:40:00.000Z,zone-b,pressure,1005.3
2024-03-12T00:18:00.000Z,zone-b,light,513.5
2024-03-12T00:51:00.000Z,zone-d,pressure,994.2
2024-03-12T03:45:00.000Z,zone-c,humidity,39.1
2024-03-12T06:39:00.000Z,zone-d,light,241.1
2024-03-12T08:17:00.000Z,zone-a,light,769.9
2024-03-12T09:47:00.000Z,zone-b,temperature,28.8
2024-03-12T10:10:00.000Z,zone-b,humidity,60.4
2024-03-12T11:25:00.000Z,zone-c,temperature,23.6
2024-03-12T13:34:00.000Z,zone-a,pressure,1013.2
2024-03-12T14:51:00.000Z,zone-c,pressure,1010.6
2024-03-12T15:57:00.000Z,zone-a,temperature,25.8
2024-03-13T02:15:00.000Z,zone-d,temperature,33.1
2024-03-13T02:20:00.000Z,zone-d,humidity,46.4
2024-03-13T03:39:00.000Z,zone-c,light,113.3
2024-03-13T04:02:00.000Z,zone-a,pressure,1003.8
2024-03-13T04:33:00.000Z,zone-c,humidity,71.5
2024-03-13T05:35:00.000Z,zone-b,humidity,36.2
2024-03-13T05:49:00.000Z,zone-b,temperature,23.8
2024-03-13T06:56:00.000Z,zone-d,light,854.7
2024-03-13T07:26:00.000Z,zone-a,humidity,62.1
2024-03-13T08:45:00.000Z,zone-a,temperature,33.2
2024-03-13T12:18:00.000Z,zone-a,light,628.8
2024-03-13T12:30:00.000Z,zone-c,pressure,1018.3
2024-03-13T15:21:00.000Z,zone-d,pressure,995.7
2024-03-13T15:40:00.000Z,zone-c,temperature,25.9
2024-03-13T15:49:00.000Z,zone-b,pressure,1014.5
2024-03-13T17:07:00.000Z,zone-b,light,287.3
2024-03-13T19:38:00.000Z,zone-b,light,252.4
2024-03-13T20:03:00.000Z,zone-c,light,538.6
2024-03-13T22:03:00.000Z,zone-b,pressure,1003.6
2024-03-13T22:17:00.000Z,zone-d,temperature,23.1
2024-03-14T00:02:00.000Z,zone-a,pressure,990
2024-03-14T03:01:00.000Z,zone-a,humidity,37.6
2024-03-14T06:41:00.000Z,zone-d,humidity,64.2
2024-03-14T07:01:00.000Z,zone-d,pressure,1000.5
2024-03-14T07:14:00.000Z,zone-b,temperature,21.1
2024-03-14T07:38:00.000Z,zone-c,pressure,1009.9
2024-03-14T09:56:00.000Z,zone-d,light,289.1
2024-03-14T11:37:00.000Z,zone-c,humidity,41.8
2024-03-14T11:42:00.000Z,zone-c,temperature,21.5
2024-03-14T12:05:00.000Z,zone-b,humidity,54.5
2024-03-14T13:35:00.000Z,zone-a,temperature,26.2
2024-03-14T13:43:00.000Z,zone-a,light,181.7
2024-03-14T18:45:00.000Z,zone-b,humidity,50.2
2024-03-14T19:54:00.000Z,zone-b,temperature,31.4
2024-03-15T02:45:00.000Z,zone-a,temperature,34.8
2024-03-15T04:16:00.000Z,zone-a,humidity,72.6
2024-03-15T05:00:00.000Z,zone-a,pressure,1011.1
2024-03-15T06:51:00.000Z,zone-d,pressure,1016.8
2024-03-15T09:34:00.000Z,zone-b,pressure,1008
2024-03-15T10:30:00.000Z,zone-c,pressure,998.7
2024-03-15T11:04:00.000Z,zone-c,humidity,54.2
2024-03-15T11:21:00.000Z,zone-a,light,328.3
2024-03-15T11:56:00.000Z,zone-d,humidity,58.5
2024-03-15T13:48:00.000Z,zone-c,temperature,16.3
2024-03-15T14:42:00.000Z,zone-d,temperature,34
2024-03-15T15:11:00.000Z,zone-c,light,338
2024-03-15T15:33:00.000Z,zone-b,light,228
2024-03-15T17:49:00.000Z,zone-d,light,879.2
2024-03-15T20:42:00.000Z,zone-a,pressure,1002.3
2024-03-15T21:16:00.000Z,zone-a,light,485
2024-03-15T22:16:00.000Z,zone-d,temperature,26
2024-03-16T00:31:00.000Z,zone-c,humidity,56.6
2024-03-16T01:48:00.000Z,zone-d,humidity,60
2024-03-16T02:01:00.000Z,zone-b,light,699.7
2024-03-16T05:04:00.000Z,zone-c,temperature,34.4
2024-03-16T05:50:00.000Z,zone-d,pressure,1000.8
2024-03-16T07:59:00.000Z,zone-c,pressure,1015.3
2024-03-16T08:25:00.000Z,zone-d,light,539.9
2024-03-16T10:13:00.000Z,zone-c,light,539.3
2024-03-16T11:17:00.000Z,zone-a,temperature,15.4
2024-03-16T12:36:00.000Z,zone-a,humidity,48.7
2024-03-16T12:46:00.000Z,zone-b,humidity,55.1
2024-03-16T12:54:00.000Z,zone-b,pressure,994.2
2024-03-16T14:55:00.000Z,zone-b,temperature,18.6
2024-03-16T19:25:00.000Z,zone-a,light,678.1
2024-03-16T22:20:00.000Z,zone-b,pressure,1011.1
2024-03-16T22:30:00.000Z,zone-c,pressure,1015.4
2024-03-16T22:47:00.000Z,zone-a,temperature,33.2
2024-03-16T22:47:00.000Z,zone-b,light,272.1
2024-03-16T23:32:00.000Z,zone-c,humidity,58.6
2024-03-17T03:16:00.000Z,zone-c,temperature,30
2024-03-17T07:45:00.000Z,zone-b,temperature,26.4
2024-03-17T08:24:00.000Z,zone-b,humidity,46
2024-03-17T10:43:00.000Z,zone-d,temperature,31.3
2024-03-17T11:24:00.000Z,zone-d,pressure,1012.1
2024-03-17T13:06:00.000Z,zone-c,light,163.5
2024-03-17T13:38:00.000Z,zone-a,humidity,68.1
2024-03-17T13:38:00.000Z,zone-a,pressure,996.6
2024-03-17T15:45:00.000Z,zone-d,humidity,75.9
2024-03-17T18:00:00.000Z,zone-d,light,190.1
2024-03-17T20:02:00.000Z,zone-c,pressure,998.5
2024-03-17T20:29:00.000Z,zone-d,light,133.6
2024-03-17T22:01:00.000Z,zone-b,temperature,19.5
2024-03-18T00:01:00.000Z,zone-d,humidity,39.1
2024-03-18T02:21:00.000Z,zone-b,pressure,993.4
2024-03-18T02:52:00.000Z,zone-a,pressure,1008.1
2024-03-18T05:42:00.000Z,zone-b,light,245.3
2024-03-18T11:10:00.000Z,zone-c,humidity,36
2024-03-18T14:28:00.000Z,zone-c,temperature,28.4
2024-03-18T15:38:00.000Z,zone-d,pressure,1002.6
2024-03-18T16:28:00.000Z,zone-a,humidity,33.8
2024-03-18T16:59:00.000Z,zone-b,humidity,78.5
2024-03-18T17:29:00.000Z,zone-c,light,513.9
2024-03-18T17:31:00.000Z,zone-a,light,205.7
2024-03-18T17:49:00.000Z,zone-d,temperature,16.1
2024-03-18T18:19:00.000Z,zone-a,temperature,29.1
2024-03-18T18:33:00.000Z,zone-a,pressure,995
2024-03-18T19:41:00.000Z,zone-c,humidity,68.6
2024-03-18T19:42:00.000Z,zone-b,light,811
2024-03-19T01:30:00.000Z,zone-a,light,263.1
2024-03-19T02:01:00.000Z,zone-d,temperature,21.9
2024-03-19T02:34:00.000Z,zone-c,pressure,1004.5
2024-03-19T02:41:00.000Z,zone-d,humidity,38.2
2024-03-19T09:32:00.000Z,zone-d,pressure,997.8
2024-03-19T12:04:00.000Z,zone-d,light,673.8
2024-03-19T12:18:00.000Z,zone-b,pressure,1015.7
2024-03-19T13:44:00.000Z,zone-c,light,577.5
2024-03-19T14:11:00.000Z,zone-a,humidity,67.6
2024-03-19T16:09:00.000Z,zone-a,temperature,25.2
2024-03-19T17:37:00.000Z,zone-c,temperature,19.9
2024-03-19T17:45:00.000Z,zone-b,humidity,48.6
2024-03-19T17:49:00.000Z,zone-b,temperature,21.8
2024-03-19T19:09:00.000Z,zone-d,humidity,37.7
2024-03-19T19:18:00.000Z,zone-a,humidity,35.8
2024-03-19T19:55:00.000Z,zone-a,pressure,1009.5
2024-03-19T21:28:00.000Z,zone-c,pressure,1016.5
2024-03-20T02:07:00.000Z,zone-c,temperature,25
2024-03-20T02:32:00.000Z,zone-c,humidity,55.2
2024-03-20T03:03:00.000Z,zone-c,light,598.9
2024-03-20T05:53:00.000Z,zone-b,light,314
2024-03-20T05:55:00.000Z,zone-d,temperature,19.6
2024-03-20T06:08:00.000Z,zone-a,temperature,27.2
2024-03-20T06:32:00.000Z,zone-d,pressure,1008.6
2024-03-20T10:00:00.000Z,zone-b,humidity,59.6
2024-03-20T11:48:00.000Z,zone-a,light,762.1
2024-03-20T14:21:00.000Z,zone-b,pressure,995.6
2024-03-20T15:08:00.000Z,zone-b,temperature,22.8
2024-03-20T17:30:00.000Z,zone-d,light,783.2
2024-03-20T23:02:00.000Z,zone-d,humidity,37.9
2024-03-20T23:06:00.000Z,zone-b,pressure,1011
2024-03-21T00:42:00.000Z,zone-d,pressure,1014.5
2024-03-21T02:56:00.000Z,zone-a,temperature,24.3
2024-03-21T03:22:00.000Z,zone-b,humidity,60
2024-03-21T05:38:00.000Z,zone-a,humidity,39.7
2024-03-21T05:54:00.000Z,zone-d,temperature,16.7
2024-03-21T07:32:00.000Z,zone-c,pressure,1004
2024-03-21T10:10:00.000Z,zone-a,pressure,1017.9
2024-03-21T11:45:00.000Z,zone-d,light,275.8
2024-03-21T12:14:00.000Z,zone-b,temperature,18
2024-03-21T13:05:00.000Z,zone-c,temperature,21.4
2024-03-21T13:54:00.000Z,zone-a,light,788.9
2024-03-21T14:18:00.000Z,zone-c,light,615.8
2024-03-21T14:33:00.000Z,zone-b,light,285.2
2024-03-21T14:34:00.000Z,zone-c,humidity,48
2024-03-21T19:08:00.000Z,zone-d,pressure,1012.2
2024-03-21T20:45:00.000Z,zone-c,pressure,1015.6
2024-03-21T21:13:00.000Z,zone-b,light,512.3
2024-03-21T21:34:00.000Z,zone-b,temperature,19.5
2024-03-21T21:38:00.000Z,zone-a,temperature,25.6
2024-03-21T22:08:00.000Z,zone-c,light,739.8
2024-03-21T23:39:00.000Z,zone-b,humidity,58.4
2024-03-22T07:12:00.000Z,zone-d,humidity,71
2024-03-22T07:36:00.000Z,zone-a,light,250
2024-03-22T11:17:00.000Z,zone-b,pressure,1001.7
2024-03-22T11:55:00.000Z,zone-d,temperature,32.7
2024-03-22T13:03:00.000Z,zone-a,pressure,1003.8
2024-03-22T14:01:00.000Z,zone-c,temperature,31.5
2024-03-22T14:37:00.000Z,zone-d,light,583.9
2024-03-22T15:08:00.000Z,zone-a,humidity,59.7
2024-03-22T15:57:00.000Z,zone-c,humidity,36.4
2024-03-22T22:30:00.000Z,zone-b,humidity,35.6
2024-03-22T23:47:00.000Z,zone-a,temperature,33.7
2024-03-22T23:47:00.000Z,zone-b,temperature,16.7
2024-03-23T02:42:00.000Z,zone-d,light,246.9
2024-03-23T03:09:00.000Z,zone-b,light,123
2024-03-23T03:38:00.000Z,zone-d,pressure,992.5
2024-03-23T04:30:00.000Z,zone-c,pressure,1016.1
2024-03-23T06:01:00.000Z,zone-d,humidity,41.1
2024-03-23T09:25:00.000Z,zone-c,humidity,37.2
2024-03-23T11:37:00.000Z,zone-c,temperature,20
2024-03-23T13:23:00.000Z,zone-a,humidity,33.9
2024-03-23T15:17:00.000Z,zone-c,light,891.8
2024-03-23T16:15:00.000Z,zone-a,pressure,1003.1
2024-03-23T16:25:00.000Z,zone-a,light,296.5
2024-03-23T17:01:00.000Z,zone-d,temperature,19.1
2024-03-23T17:52:00.000Z,zone-b,pressure,1020
2024-03-23T19:11:00.000Z,zone-a,light,175.7
2024-03-23T20:39:00.000Z,zone-b,pressure,999.7
2024-03-24T00:47:00.000Z,zone-b,light,289.7
2024-03-24T02:19:00.000Z,zone-d,pressure,1008
2024-03-24T05:46:00.000Z,zone-d,humidity,64.6
2024-03-24T08:24:00.000Z,zone-b,temperature,20.6
2024-03-24T10:07:00.000Z,zone-c,temperature,24.1
2024-03-24T10:53:00.000Z,zone-a,temperature,17.9
2024-03-24T11:54:00.000Z,zone-c,pressure,1014.6
2024-03-24T12:08:00.000Z,zone-b,humidity,44.3
2024-03-24T13:18:00.000Z,zone-c,humidity,59.4
2024-03-24T14:17:00.000Z,zone-d,temperature,27.6
2024-03-24T16:51:00.000Z,zone-a,humidity,53
2024-03-24T17:13:00.000Z,zone-c,light,701.4
2024-03-24T18:11:00.000Z,zone-a,pressure,1014.9
2024-03-24T18:24:00.000Z,zone-d,light,806
2024-03-24T19:27:00.000Z,zone-b,humidity,40.3
2024-03-24T19:29:00.000Z,zone-c,light,898.7
2024-03-24T21:22:00.000Z,zone-b,light,188.4
2024-03-24T21:36:00.000Z,zone-c,temperature,32.8
2024-03-24T22:38:00.000Z,zone-a,temperature,15.6
2024-03-24T23:46:00.000Z,zone-d,pressure,998.8
2024-03-25T02:04:00.000Z,zone-d,temperature,28.8
2024-03-25T03:23:00.000Z,zone-c,humidity,60.2
2024-03-25T03:27:00.000Z,zone-b,pressure,1008.6
2024-03-25T07:31:00.000Z,zone-d,light,566.7
2024-03-25T10:29:00.000Z,zone-a,light,567.6
2024-03-25T10:39:00.000Z,zone-b,temperature,34.5
2024-03-25T10:42:00.000Z,zone-a,humidity,65.8
2024-03-25T15:55:00.000Z,zone-a,pressure,999.2
2024-03-25T15:55:00.000Z,zone-c,pressure,1002
2024-03-25T16:59:00.000Z,zone-d,humidity,53.1
2024-03-25T20:43:00.000Z,zone-c,temperature,18.9
2024-03-25T21:01:00.000Z,zone-d,humidity,39.1
2024-03-25T21:46:00.000Z,zone-c,light,279.2
2024-03-25T21:58:00.000Z,zone-a,light,284.5
2024-03-26T00:09:00.000Z,zone-d,pressure,996
2024-03-26T00:30:00.000Z,zone-d,light,269.3
2024-03-26T00:40:00.000Z,zone-b,pressure,1018.5
2024-03-26T01:37:00.000Z,zone-d,temperature,26.4
2024-03-26T05:34:00.000Z,zone-b,humidity,64.7
2024-03-26T12:38:00.000Z,zone-a,pressure,1010.7
2024-03-26T14:12:00.000Z,zone-a,humidity,65.2
2024-03-26T14:49:00.000Z,zone-c,pressure,1006.3
2024-03-26T15:28:00.000Z,zone-b,light,270.1
2024-03-26T16:29:00.000Z,zone-b,temperature,18.8
2024-03-26T17:09:00.000Z,zone-c,humidity,61.1
2024-03-26T17:30:00.000Z,zone-a,temperature,26.3
2024-03-26T20:05:00.000Z,zone-c,light,689.1
2024-03-26T20:23:00.000Z,zone-a,humidity,30.1
2024-03-26T22:55:00.000Z,zone-d,humidity,72
2024-03-26T22:57:00.000Z,zone-a,pressure,1011.6
2024-03-27T03:22:00.000Z,zone-d,light,491.9
2024-03-27T03:45:00.000Z,zone-d,temperature,15.8
2024-03-27T07:31:00.000Z,zone-c,humidity,64.6
2024-03-27T07:51:00.000Z,zone-b,humidity,68.8
2024-03-27T09:04:00.000Z,zone-b,temperature,15.5
2024-03-27T09:37:00.000Z,zone-a,light,632.5
2024-03-27T11:59:00.000Z,zone-c,pressure,1009.7
2024-03-27T12:28:00.000Z,zone-b,light,437.5
2024-03-27T13:33:00.000Z,zone-c,temperature,16.2
2024-03-27T14:14:00.000Z,zone-d,pressure,990
2024-03-27T14:51:00.000Z,zone-b,pressure,1010.3
2024-03-27T17:49:00.000Z,zone-a,temperature,31.3
2024-03-27T22:09:00.000Z,zone-a,pressure,996.1
2024-03-27T22:16:00.000Z,zone-b,light,668.2
2024-03-27T23:52:00.000Z,zone-d,pressure,1014.9
2024-03-28T03:56:00.000Z,zone-d,temperature,34.8
2024-03-28T07:06:00.000Z,zone-d,light,585.1
2024-03-28T09:49:00.000Z,zone-b,pressure,990.3
2024-03-28T11:33:00.000Z,zone-d,humidity,56.9
2024-03-28T11:39:00.000Z,zone-c,light,348.9
2024-03-28T11:51:00.000Z,zone-a,temperature,24.3
2024-03-28T11:55:00.000Z,zone-a,light,674.7
2024-03-28T13:18:00.000Z,zone-c,pressure,1009.7
2024-03-28T14:38:00.000Z,zone-b,temperature,34.4
2024-03-28T15:03:00.000Z,zone-b,humidity,74.6
2024-03-28T15:11:00.000Z,zone-c,temperature,33.1
2024-03-28T17:35:00.000Z,zone-c,humidity,48.5
2024-03-28T18:23:00.000Z,zone-a,humidity,71.4
2024-03-28T20:01:00.000Z,zone-d,humidity,48.9
2024-03-28T21:29:00.000Z,zone-b,pressure,1017.1
2024-03-28T22:52:00.000Z,zone-a,pressure,997.3
2024-03-28T23:30:00.000Z,zone-c,humidity,60.4
2024-03-28T23:58:00.000Z,zone-a,humidity,31.2
2024-03-29T02:54:00.000Z,zone-d,pressure,998.3
2024-03-29T07:48:00.000Z,zone-c,light,501.6
2024-03-29T10:02:00.000Z,zone-b,humidity,59.9
2024-03-29T10:30:00.000Z,zone-a,light,224.6
2024-03-29T11:02:00.000Z,zone-a,temperature,34.1
2024-03-29T11:29:00.000Z,zone-c,temperature,20.7
2024-03-29T11:37:00.000Z,zone-d,temperature,34.3
2024-03-29T16:54:00.000Z,zone-b,light,500.8
2024-03-29T17:20:00.000Z,zone-d,light,194.9
2024-03-29T17:53:00.000Z,zone-c,pressure,990.6
2024-03-29T18:01:00.000Z,zone-b,temperature,21.5
2024-03-29T18:39:00.000Z,zone-d,humidity,39.7
2024-03-29T19:16:00.000Z,zone-a,pressure,1002.5
2024-03-29T19:29:00.000Z,zone-b,temperature,32.8
2024-03-29T19:44:00.000Z,zone-b,light,278.2
2024-03-29T20:08:00.000Z,zone-c,light,879.1
2024-03-29T21:57:00.000Z,zone-c,pressure,1008.2
2024-03-30T01:38:00.000Z,zone-d,pressure,1010.3
2024-03-30T12:04:00.000Z,zone-b,humidity,50.2
2024-03-30T12:07:00.000Z,zone-a,light,703.7
2024-03-30T12:59:00.000Z,zone-c,humidity,56.5
2024-03-30T13:02:00.000Z,zone-d,light,170.8
2024-03-30T13:05:00.000Z,zone-b,pressure,1008.7
2024-03-30T14:59:00.000Z,zone-a,temperature,28.4
2024-03-30T15:13:00.000Z,zone-a,humidity,71.3
2024-03-30T17:40:00.000Z,zone-c,temperature,24.9
2024-03-30T18:10:00.000Z,zone-d,temperature,32.2